DROP DATABASE campus;

CREATE DATABASE campus;
USE campus;

CREATE TABLE student (
	student_ID 			CHAR(13) 		PRIMARY KEY,
    student_name 		VARCHAR(50) 	NOT NULL,
    gender				CHAR(1)			NOT NULL		CHECK (gender IN ("M", "F")),
    email_ID 			VARCHAR(40)		UNIQUE, 
    phone_no 			CHAR(10)		UNIQUE
);
CREATE TABLE hostel (
	hostel_id			CHAR(2)			PRIMARY KEY,
    hostel_name			VARCHAR(30)		NOT NULL UNIQUE,
    single_rooms		INT UNSIGNED	DEFAULT '0' NOT NULL,
    double_rooms		INT UNSIGNED	DEFAULT '0' NOT NULL
    -- Remember to create a procedure for derived attribute capacity.
);

CREATE TABLE wing (
	leader_id			CHAR(13)		PRIMARY KEY		REFERENCES student,
    size				INT UNSIGNED	DEFAULT '0' NOT NULL,
    room_type			CHAR(1)			DEFAULT 'S' NOT NULL
);
CREATE TABLE wing_hostel (
	leader_id			CHAR(13) 		UNIQUE		REFERENCES wing,
    preferred_hostel	VARCHAR(3)					REFERENCES hostel,
	PRIMARY KEY(leader_id, preferred_hostel)
);
CREATE TABLE room (
	hostel_id			VARCHAR(3)					REFERENCES hostel,
    room_no				INT UNSIGNED,
    capacity			INT UNSIGNED	NOT NULL,
	-- Constraint on capacity - 1 or 2
    PRIMARY KEY(hostel_id, room_no)
);
CREATE TABLE lives_in (
	student_id			CHAR(13) 		PRIMARY KEY		REFERENCES student,
    hostel_id			VARCHAR(3),
    room_no				INT UNSIGNED,
    -- Foreign key constraint on hostel_id and room_no
    FOREIGN KEY(hostel_id, room_no) REFERENCES room(hostel_id, room_no)
);
CREATE TABLE member_of (
	student_id			CHAR(13) 		PRIMARY KEY		REFERENCES student,
    leader_id			CHAR(13)						REFERENCES wing
);

INSERT INTO student VALUES ("2020A7PS0001P","AISHWARYA SAM","M","f20200001@pilani.bits-pilani.ac.in", NULL);
INSERT INTO student VALUES ("2020A7PS0002P","YUGAL JOSHI","M","f20200002@pilani.bits-pilani.ac.in", NULL);
INSERT INTO student VALUES ("2020A7PS0003P","ANUSHKA BHATTACHARJEE","M","f20200003@pilani.bits-pilani.ac.in", NULL);
INSERT INTO student VALUES ("2020A7PS0004P","N SANSHRAY","M","f20200004@pilani.bits-pilani.ac.in", NULL);
INSERT INTO student VALUES ("2020A7PS0005P","PUTTAPAKA SHASHANK","M","f20200005@pilani.bits-pilani.ac.in", NULL);
INSERT INTO student VALUES ("2020A7PS0006P","SAMINENI ADITHYA PRAKASH CHOWDA","M","f20200006@pilani.bits-pilani.ac.in", NULL);
INSERT INTO student VALUES ("2020A7PS0007P","GURLE VAISHNAVI","M","f20200007@pilani.bits-pilani.ac.in", NULL);
INSERT INTO student VALUES ("2020A7PS0010P","KABRA SANCHIT MANISH","M","f20200010@pilani.bits-pilani.ac.in", NULL);
INSERT INTO student VALUES ("2020A7PS0012P","IYER CHAITANYA RAJESH","M","f20200012@pilani.bits-pilani.ac.in", NULL);
INSERT INTO student VALUES ("2020A7PS0013P","KAUSTAB CHOUDHURY","M","f20200013@pilani.bits-pilani.ac.in", NULL);
INSERT INTO student VALUES ("2020A7PS0014P","TIKESH VAISHNAV","M","f20200014@pilani.bits-pilani.ac.in", NULL);
INSERT INTO student VALUES ("2020A7PS0016P","RUCHIKA SARKAR","M","f20200016@pilani.bits-pilani.ac.in", NULL);
INSERT INTO student VALUES ("2020A7PS0017P","URVASHI SHARMA","M","f20200017@pilani.bits-pilani.ac.in", NULL);
INSERT INTO student VALUES ("2020A7PS0020P","YATIN SINGLA","M","f20200020@pilani.bits-pilani.ac.in", NULL);
INSERT INTO student VALUES ("2020A7PS0021P","SAMRIDDHA SINHA","M","f20200021@pilani.bits-pilani.ac.in", NULL);
INSERT INTO student VALUES ("2020A7PS0024P","KOTALWAR NACHIKET DNYANESHWAR","M","f20200024@pilani.bits-pilani.ac.in", NULL);
INSERT INTO student VALUES ("2020A7PS0025P","MOHAMMED SHAZ FURNITUREWALA","M","f20200025@pilani.bits-pilani.ac.in", NULL);
INSERT INTO student VALUES ("2020A7PS0026P","PATEL PARTH JEETENDRA","M","f20200026@pilani.bits-pilani.ac.in", NULL);
INSERT INTO student VALUES ("2020A7PS0032P","YELAKANTI AKHIL DEV","M","f20200032@pilani.bits-pilani.ac.in", NULL);
INSERT INTO student VALUES ("2020A7PS0033P","AGRAWAL RACHIT MOHIT","M","f20200033@pilani.bits-pilani.ac.in", NULL);
INSERT INTO student VALUES ("2020A7PS0035P","SHREEKAR PURANIK","M","f20200035@pilani.bits-pilani.ac.in", NULL);
INSERT INTO student VALUES ("2020A7PS0036P","AARYA ATTREY","M","f20200036@pilani.bits-pilani.ac.in", NULL);
INSERT INTO student VALUES ("2020A7PS0037P","ABHAY NARENDRAN","M","f20200037@pilani.bits-pilani.ac.in", NULL);
INSERT INTO student VALUES ("2020A7PS0040P","SWAPNIL SHIVAM","M","f20200040@pilani.bits-pilani.ac.in", NULL);
INSERT INTO student VALUES ("2020A7PS0043P","PARTHA SARATHI PURKAYASTHA","M","f20200043@pilani.bits-pilani.ac.in", NULL);
INSERT INTO student VALUES ("2020A7PS0045P","LABEEB AHSAN","F","f20200045@pilani.bits-pilani.ac.in", NULL);
INSERT INTO student VALUES ("2020A7PS0048P","MOHIT DILIP MAKWANA","M","f20200048@pilani.bits-pilani.ac.in", NULL);
INSERT INTO student VALUES ("2020A7PS0049P","MADHAV MADHUSOODANAN","M","f20200049@pilani.bits-pilani.ac.in", NULL);
INSERT INTO student VALUES ("2020A7PS0050P","DHANUSH SOMA","M","f20200050@pilani.bits-pilani.ac.in", NULL);
INSERT INTO student VALUES ("2020A7PS0054P","KARTIK KUMAR PAWAR","F","f20200054@pilani.bits-pilani.ac.in", NULL);
INSERT INTO student VALUES ("2020A7PS0057P","HARSHIT TEJAS MEHTA","M","f20200057@pilani.bits-pilani.ac.in", NULL);
INSERT INTO student VALUES ("2020A7PS0059P","VEDANTKUMAR THAKKAR","M","f20200059@pilani.bits-pilani.ac.in", NULL);
INSERT INTO student VALUES ("2020A7PS0060P","SARTHAK ARORA","M","f20200060@pilani.bits-pilani.ac.in", NULL);
INSERT INTO student VALUES ("2020A7PS0064P","ADIT KALBALIA","M","f20200064@pilani.bits-pilani.ac.in", NULL);
INSERT INTO student VALUES ("2020A7PS0065P","AYUSH SINGH BHANDARI","M","f20200065@pilani.bits-pilani.ac.in", NULL);
INSERT INTO student VALUES ("2020A7PS0066P","ARNAV PRANAY GUJARATHI","F","f20200066@pilani.bits-pilani.ac.in", NULL);
INSERT INTO student VALUES ("2020A7PS0067P","NIVEDITHA KOVILAKATH","F","f20200067@pilani.bits-pilani.ac.in", NULL);
INSERT INTO student VALUES ("2020A7PS0069P","PANKAJ PANJWANI","F","f20200069@pilani.bits-pilani.ac.in", NULL);
INSERT INTO student VALUES ("2020A7PS0071P","SUKRITI","M","f20200071@pilani.bits-pilani.ac.in", NULL);
INSERT INTO student VALUES ("2020A7PS0072P","ARCHAJ JAIN","M","f20200072@pilani.bits-pilani.ac.in", NULL);
INSERT INTO student VALUES ("2020A7PS0073P","SHASHANK AGRAWAL","M","f20200073@pilani.bits-pilani.ac.in", NULL);
INSERT INTO student VALUES ("2020A7PS0075P","SHREYAS KETKAR","M","f20200075@pilani.bits-pilani.ac.in", NULL);
INSERT INTO student VALUES ("2020A7PS0077P","SURI SAI VISWANADHA ADITYA","M","f20200077@pilani.bits-pilani.ac.in", NULL);
INSERT INTO student VALUES ("2020A7PS0081P","ROHAN SRINIVASAN","M","f20200081@pilani.bits-pilani.ac.in", NULL);
INSERT INTO student VALUES ("2020A7PS0082P","ARNAV TRIPATHI","M","f20200082@pilani.bits-pilani.ac.in", NULL);
INSERT INTO student VALUES ("2020A7PS0083P","SHAH  JAYSHEEL  DIPALBHAI","M","f20200083@pilani.bits-pilani.ac.in", NULL);
INSERT INTO student VALUES ("2020A7PS0084P","TANVEER SINGH","M","f20200084@pilani.bits-pilani.ac.in", NULL);
INSERT INTO student VALUES ("2020A7PS0087P","ADITYA KANTHI","M","f20200087@pilani.bits-pilani.ac.in", NULL);
INSERT INTO student VALUES ("2020A7PS0088P","PARTH NILESH THAKKAR","M","f20200088@pilani.bits-pilani.ac.in", NULL);
INSERT INTO student VALUES ("2020A7PS0089P","SAMYAK JAIN","M","f20200089@pilani.bits-pilani.ac.in", NULL);
INSERT INTO student VALUES ("2020A7PS0090P","AYUSH MADAN","M","f20200090@pilani.bits-pilani.ac.in", NULL);
INSERT INTO student VALUES ("2020A7PS0092P","SARTHAK SHAH","M","f20200092@pilani.bits-pilani.ac.in", NULL);
INSERT INTO student VALUES ("2020A7PS0093P","SARVESH GUPTA","M","f20200093@pilani.bits-pilani.ac.in", NULL);
INSERT INTO student VALUES ("2020A7PS0094P","ARYA VEER SINGH CHAUHAN","M","f20200094@pilani.bits-pilani.ac.in", NULL);
INSERT INTO student VALUES ("2020A7PS0095P","SAFDAR FAISAL","M","f20200095@pilani.bits-pilani.ac.in", NULL);
INSERT INTO student VALUES ("2020A7PS0096P","AKSHAT GUPTA","F","f20200096@pilani.bits-pilani.ac.in", NULL);
INSERT INTO student VALUES ("2020A7PS0098P","SIDDHARTH KHANDELWAL","M","f20200098@pilani.bits-pilani.ac.in", NULL);
INSERT INTO student VALUES ("2020A7PS0100P","JATIN NEHLANI","M","f20200100@pilani.bits-pilani.ac.in", NULL);
INSERT INTO student VALUES ("2020A7PS0101P","NISCHAY KHANDELWAL","M","f20200101@pilani.bits-pilani.ac.in", NULL);
INSERT INTO student VALUES ("2020A7PS0102P","HARDIK JAIN","F","f20200102@pilani.bits-pilani.ac.in", NULL);
INSERT INTO student VALUES ("2020A7PS0104P","SAMYAK BAKLIWAL","M","f20200104@pilani.bits-pilani.ac.in", NULL);
INSERT INTO student VALUES ("2020A7PS0105P","AMIT GUPTA","M","f20200105@pilani.bits-pilani.ac.in", NULL);
INSERT INTO student VALUES ("2020A7PS0106P","MADHAV GUPTA","F","f20200106@pilani.bits-pilani.ac.in", NULL);
INSERT INTO student VALUES ("2020A7PS0107P","ATISH","M","f20200107@pilani.bits-pilani.ac.in", NULL);
INSERT INTO student VALUES ("2020A7PS0108P","RISHI RAKESH SHRIVASTAVA","M","f20200108@pilani.bits-pilani.ac.in", NULL);
INSERT INTO student VALUES ("2020A7PS0110P","HARSH PRIYADARSHI","F","f20200110@pilani.bits-pilani.ac.in", NULL);
INSERT INTO student VALUES ("2020A7PS0111P","ANSHIKA GUPTA","M","f20200111@pilani.bits-pilani.ac.in", NULL);
INSERT INTO student VALUES ("2020A7PS0112P","SARTHAK AGARWAL","M","f20200112@pilani.bits-pilani.ac.in", NULL);
INSERT INTO student VALUES ("2020A7PS0113P","DEVASHISH SIWATCH","M","f20200113@pilani.bits-pilani.ac.in", NULL);
INSERT INTO student VALUES ("2020A7PS0114P","BIRLA PRATHAM SANDEEP","M","f20200114@pilani.bits-pilani.ac.in", NULL);
INSERT INTO student VALUES ("2020A7PS0116P","ANSH GUPTA","F","f20200116@pilani.bits-pilani.ac.in", NULL);
INSERT INTO student VALUES ("2020A7PS0119P","RANIPA JASH RAMNIKLAL","M","f20200119@pilani.bits-pilani.ac.in", NULL);
INSERT INTO student VALUES ("2020A7PS0120P","KSHITIJ GARG","M","f20200120@pilani.bits-pilani.ac.in", NULL);
INSERT INTO student VALUES ("2020A7PS0121P","VISHWA TAPAN SHAH","M","f20200121@pilani.bits-pilani.ac.in", NULL);
INSERT INTO student VALUES ("2020A7PS0123P","ARYAN HEMANTKUMAR DESAI","M","f20200123@pilani.bits-pilani.ac.in", NULL);
INSERT INTO student VALUES ("2020A7PS0124P","SHIVAM ABHAY PANDE","M","f20200124@pilani.bits-pilani.ac.in", NULL);
INSERT INTO student VALUES ("2020A7PS0128P","PRANAV GUPTA","M","f20200128@pilani.bits-pilani.ac.in", NULL);
INSERT INTO student VALUES ("2020A7PS0129P","ANISH SUBHASH GHULE","M","f20200129@pilani.bits-pilani.ac.in", NULL);
INSERT INTO student VALUES ("2020A7PS0131P","SHIRISH KUMARAVEL","M","f20200131@pilani.bits-pilani.ac.in", NULL);
INSERT INTO student VALUES ("2020A7PS0133P","MRIDUL CHANDAK","F","f20200133@pilani.bits-pilani.ac.in", NULL);
INSERT INTO student VALUES ("2020A7PS0134P","SHADAN HUSSAIN","M","f20200134@pilani.bits-pilani.ac.in", NULL);
INSERT INTO student VALUES ("2020A7PS0139P","AMEYA DESHMUKH","F","f20200139@pilani.bits-pilani.ac.in", NULL);
INSERT INTO student VALUES ("2020A7PS0140P","SAHIL SHAH","F","f20200140@pilani.bits-pilani.ac.in", NULL);
INSERT INTO student VALUES ("2020A7PS0144P","VARUN SAHNI","F","f20200144@pilani.bits-pilani.ac.in", NULL);
INSERT INTO student VALUES ("2020A7PS0145P","GAURAV ANAND KUMAR","M","f20200145@pilani.bits-pilani.ac.in", NULL);
INSERT INTO student VALUES ("2020A7PS0146P","TOSHIT JAIN","M","f20200146@pilani.bits-pilani.ac.in", NULL);
INSERT INTO student VALUES ("2020A7PS0148P","DEEP PANDYA","M","f20200148@pilani.bits-pilani.ac.in", NULL);
INSERT INTO student VALUES ("2020A7PS0297P","SARANG SRIDHAR","M","f20200297@pilani.bits-pilani.ac.in", NULL);
INSERT INTO student VALUES ("2020A7PS0299P","GANDHI SAMAY AMIT","M","f20200299@pilani.bits-pilani.ac.in", NULL);
INSERT INTO student VALUES ("2020A7PS0309P","RISHABH PARMAR","M","f20200309@pilani.bits-pilani.ac.in", NULL);
INSERT INTO student VALUES ("2020A7PS0310P","BHAVYA RAJESH KALYANI","M","f20200310@pilani.bits-pilani.ac.in", NULL);
INSERT INTO student VALUES ("2020A7PS0311P","KARMANYA KHANNA","M","f20200311@pilani.bits-pilani.ac.in", NULL);
INSERT INTO student VALUES ("2020A7PS0313P","HRISHIKESH HARSH","M","f20200313@pilani.bits-pilani.ac.in", NULL);
INSERT INTO student VALUES ("2020A7PS0315P","VANSH GUPTA","M","f20200315@pilani.bits-pilani.ac.in", NULL);
INSERT INTO student VALUES ("2020A7PS0970P","DEBJIT KAR","M","f20200970@pilani.bits-pilani.ac.in", NULL);
INSERT INTO student VALUES ("2020A7PS0971P","DEEPAM PRIYESH DESAI","M","f20200971@pilani.bits-pilani.ac.in", NULL);
INSERT INTO student VALUES ("2020A7PS0972P","KSHITIJ TANDON","M","f20200972@pilani.bits-pilani.ac.in", NULL);
INSERT INTO student VALUES ("2020A7PS0973P","MEET PATEL","M","f20200973@pilani.bits-pilani.ac.in", NULL);
INSERT INTO student VALUES ("2020A7PS0974P","KUSHAGRA SAHNI","M","f20200974@pilani.bits-pilani.ac.in", NULL);
INSERT INTO student VALUES ("2020A7PS0975P","ANISH ATUL KULKARNI","M","f20200975@pilani.bits-pilani.ac.in", NULL);
INSERT INTO student VALUES ("2020A7PS0979P","RAMAKANT PANDURANG TALANKAR","M","f20200979@pilani.bits-pilani.ac.in", NULL);
INSERT INTO student VALUES ("2020A7PS0980P","MITHIL SHAH","F","f20200980@pilani.bits-pilani.ac.in", NULL);
INSERT INTO student VALUES ("2020A7PS0981P","UTKARSH","M","f20200981@pilani.bits-pilani.ac.in", NULL);
INSERT INTO student VALUES ("2020A7PS0983P","CHIRAG MAHESHWARI","M","f20200983@pilani.bits-pilani.ac.in", NULL);
INSERT INTO student VALUES ("2020A7PS0984P","UTSAV GOEL","M","f20200984@pilani.bits-pilani.ac.in", NULL);
INSERT INTO student VALUES ("2020A7PS0986P","NIDHISH  JOGEN  PAREKH","M","f20200986@pilani.bits-pilani.ac.in", NULL);
INSERT INTO student VALUES ("2020A7PS0987P","SARTHAK TAYAL","M","f20200987@pilani.bits-pilani.ac.in", NULL);
INSERT INTO student VALUES ("2020A7PS0988P","PATEL VRAJ TRUSHAR","M","f20200988@pilani.bits-pilani.ac.in", NULL);
INSERT INTO student VALUES ("2020A7PS0991P","OMKAR SACHIN GOTHANKAR","M","f20200991@pilani.bits-pilani.ac.in", NULL);
INSERT INTO student VALUES ("2020A7PS0993P","SATVIK SINHA","M","f20200993@pilani.bits-pilani.ac.in", NULL);
INSERT INTO student VALUES ("2020A7PS0994P","AKSHAT AGRAWAL","M","f20200994@pilani.bits-pilani.ac.in", NULL);
INSERT INTO student VALUES ("2020A7PS0995P","KASHISH MAHAJAN","F","f20200995@pilani.bits-pilani.ac.in", NULL);
INSERT INTO student VALUES ("2020A7PS1201P","RISHEET AGARWAL MEHTA","M","f20201201@pilani.bits-pilani.ac.in", NULL);
INSERT INTO student VALUES ("2020A7PS1202P","PRANEET KARNA","M","f20201202@pilani.bits-pilani.ac.in", NULL);
INSERT INTO student VALUES ("2020A7PS1205P","NIKHIL AMARISH PRADHAN","M","f20201205@pilani.bits-pilani.ac.in", NULL);
INSERT INTO student VALUES ("2020A7PS1206P","SHAMIKA MITTAL","F","f20201206@pilani.bits-pilani.ac.in", NULL);
INSERT INTO student VALUES ("2020A7PS1207P","SANJANA PADAVALA","F","f20201207@pilani.bits-pilani.ac.in", NULL);
INSERT INTO student VALUES ("2020A7PS1208P","SURAJ PHANINDRA","M","f20201208@pilani.bits-pilani.ac.in", NULL);
INSERT INTO student VALUES ("2020A7PS1209P","SRIRAM RAMANATHAN","M","f20201209@pilani.bits-pilani.ac.in", NULL);
INSERT INTO student VALUES ("2020A7PS1210P","ARVIND RAM","F","f20201210@pilani.bits-pilani.ac.in", NULL);
INSERT INTO student VALUES ("2020A7PS1211P","RISHABH KUMAR","M","f20201211@pilani.bits-pilani.ac.in", NULL);
INSERT INTO student VALUES ("2020A7PS1212P","GOKUL SANJEEVA REDDY","M","f20201212@pilani.bits-pilani.ac.in", NULL);
INSERT INTO student VALUES ("2020A7PS1214P","DARSHAN ABHAY KUMAR","M","f20201214@pilani.bits-pilani.ac.in", NULL);
INSERT INTO student VALUES ("2020A7PS1507P","SHAILESH KUMAR SINGH","M","f20201507@pilani.bits-pilani.ac.in", NULL);
INSERT INTO student VALUES ("2020A7PS1509P","SHASHANK KHATTAR","M","f20201509@pilani.bits-pilani.ac.in", NULL);
INSERT INTO student VALUES ("2020A7PS1510P","MITUL CHADHA","M","f20201510@pilani.bits-pilani.ac.in", NULL);
INSERT INTO student VALUES ("2020A7PS1511P","ADITYA SHETH","M","f20201511@pilani.bits-pilani.ac.in", NULL);
INSERT INTO student VALUES ("2020A7PS1512P","SOUMYA VISHNOI","M","f20201512@pilani.bits-pilani.ac.in", NULL);
INSERT INTO student VALUES ("2020A7PS1513P","P V S TARAK SHREE VALLABHA","F","f20201513@pilani.bits-pilani.ac.in", NULL);
INSERT INTO student VALUES ("2020A7PS1515P","ARJAV JAIN","F","f20201515@pilani.bits-pilani.ac.in", NULL);
INSERT INTO student VALUES ("2020A7PS1675P","BHANUPRATAP RATHORE","M","f20201675@pilani.bits-pilani.ac.in", NULL);
INSERT INTO student VALUES ("2020A7PS1677P","RISHABH BARNWAL","F","f20201677@pilani.bits-pilani.ac.in", NULL);
INSERT INTO student VALUES ("2020A7PS1678P","PULKIT SINHA","M","f20201678@pilani.bits-pilani.ac.in", NULL);
INSERT INTO student VALUES ("2020A7PS1679P","PRATHAM OZA","M","f20201679@pilani.bits-pilani.ac.in", NULL);
INSERT INTO student VALUES ("2020A7PS1680P","DHRUV GUPTA","M","f20201680@pilani.bits-pilani.ac.in", NULL);
INSERT INTO student VALUES ("2020A7PS1681P","SHIVAM MISHRA","M","f20201681@pilani.bits-pilani.ac.in", NULL);
INSERT INTO student VALUES ("2020A7PS1683P","ARYA ABHAYA KULKARNI","M","f20201683@pilani.bits-pilani.ac.in", NULL);
INSERT INTO student VALUES ("2020A7PS1684P","SHREYAS SESHAM","M","f20201684@pilani.bits-pilani.ac.in", NULL);
INSERT INTO student VALUES ("2020A7PS1686P","ATHARWA PANDEY","M","f20201686@pilani.bits-pilani.ac.in", NULL);
INSERT INTO student VALUES ("2020A7PS1687P","KHUSHI SHAH","M","f20201687@pilani.bits-pilani.ac.in", NULL);
INSERT INTO student VALUES ("2020A7PS1688P","HEMESH GUPTA","M","f20201688@pilani.bits-pilani.ac.in", NULL);
INSERT INTO student VALUES ("2020A7PS1689P","ARYAN KAPOOR","F","f20201689@pilani.bits-pilani.ac.in", NULL);
INSERT INTO student VALUES ("2020A7PS1690P","HARY AHUJA","M","f20201690@pilani.bits-pilani.ac.in", NULL);
INSERT INTO student VALUES ("2020A7PS1691P","ANTRIKSH SHARMA","M","f20201691@pilani.bits-pilani.ac.in", NULL);
INSERT INTO student VALUES ("2020A7PS1692P","ARYAN PRASAD CHAVAN","M","f20201692@pilani.bits-pilani.ac.in", NULL);
INSERT INTO student VALUES ("2020A7PS2051P","ANISH GUPTA","M","f20202051@pilani.bits-pilani.ac.in", NULL);
INSERT INTO student VALUES ("2020A8PS0456P","KUHOO GOYAL","F","f20200456@pilani.bits-pilani.ac.in", NULL);
INSERT INTO student VALUES ("2020A8PS0533P","JOGIREDDY YASWANTH REDDY","M","f20200533@pilani.bits-pilani.ac.in", NULL);
INSERT INTO student VALUES ("2020A8PS0537P","ARYAMAN SINGH","F","f20200537@pilani.bits-pilani.ac.in", NULL);
INSERT INTO student VALUES ("2020A8PS0542P","TANUJ LAHOTI","M","f20200542@pilani.bits-pilani.ac.in", NULL);
INSERT INTO student VALUES ("2020A8PS0547P","DAKSH JUNEJA","F","f20200547@pilani.bits-pilani.ac.in", NULL);
INSERT INTO student VALUES ("2020A8PS0549P","ZEHAAN SHARMA","F","f20200549@pilani.bits-pilani.ac.in", NULL);
INSERT INTO student VALUES ("2020A8PS0552P","NAVDEEP SORLAN","M","f20200552@pilani.bits-pilani.ac.in", NULL);
INSERT INTO student VALUES ("2020A8PS0554P","AYUSH RANJAN","M","f20200554@pilani.bits-pilani.ac.in", NULL);
INSERT INTO student VALUES ("2020A8PS0570P","DEVESH MITTAL","M","f20200570@pilani.bits-pilani.ac.in", NULL);
INSERT INTO student VALUES ("2020A8PS0572P","AARYAN ABHAY BAHUGUNE","M","f20200572@pilani.bits-pilani.ac.in", NULL);
INSERT INTO student VALUES ("2020A8PS0573P","ABHINAV CHOUDHARY","M","f20200573@pilani.bits-pilani.ac.in", NULL);
INSERT INTO student VALUES ("2020A8PS0582P","MAHIP KHANDELWAL","M","f20200582@pilani.bits-pilani.ac.in", NULL);
INSERT INTO student VALUES ("2020A8PS0782P","YAMANDEEP SINGH","F","f20200782@pilani.bits-pilani.ac.in", NULL);
INSERT INTO student VALUES ("2020A8PS0804P","PRITISH SURESH DAKHOLE","M","f20200804@pilani.bits-pilani.ac.in", NULL);
INSERT INTO student VALUES ("2020A8PS0807P","KENIYA JINAY KIRAN","M","f20200807@pilani.bits-pilani.ac.in", NULL);
INSERT INTO student VALUES ("2020A8PS0818P","HARSHIT JODHANI","M","f20200818@pilani.bits-pilani.ac.in", NULL);
INSERT INTO student VALUES ("2020A8PS0819P","ANIMESH SINGH","M","f20200819@pilani.bits-pilani.ac.in", NULL);
INSERT INTO student VALUES ("2020A8PS0832P","DIVYAM GOEL","F","f20200832@pilani.bits-pilani.ac.in", NULL);
INSERT INTO student VALUES ("2020A8PS0901P","U JANVI","M","f20200901@pilani.bits-pilani.ac.in", NULL);
INSERT INTO student VALUES ("2020A8PS1043P","RISHI HEMANT SHAH","M","f20201043@pilani.bits-pilani.ac.in", NULL);
INSERT INTO student VALUES ("2020A8PS1541P","POOJAN NIKHIL GANDHI","M","f20201541@pilani.bits-pilani.ac.in", NULL);
INSERT INTO student VALUES ("2020A8PS1549P","ANIKET PANDEY","M","f20201549@pilani.bits-pilani.ac.in", NULL);
INSERT INTO student VALUES ("2020A8PS1553P","MUDIT RAWAT","F","f20201553@pilani.bits-pilani.ac.in", NULL);
INSERT INTO student VALUES ("2020A8PS1556P","ARYA D","M","f20201556@pilani.bits-pilani.ac.in", NULL);
INSERT INTO student VALUES ("2020A8PS1558P","KAUSTUBH MISHRA","M","f20201558@pilani.bits-pilani.ac.in", NULL);
INSERT INTO student VALUES ("2020A8PS1562P","SANSKAR KAUSHIK","F","f20201562@pilani.bits-pilani.ac.in", NULL);
INSERT INTO student VALUES ("2020A8PS1790P","AKSHAT AWASTHI","M","f20201790@pilani.bits-pilani.ac.in", NULL);
INSERT INTO student VALUES ("2020A8PS1791P","AARSH KHARE","F","f20201791@pilani.bits-pilani.ac.in", NULL);
INSERT INTO student VALUES ("2020A8PS1792P","VASHU","M","f20201792@pilani.bits-pilani.ac.in", NULL);
INSERT INTO student VALUES ("2020A8PS1793P","SNIGDHA GUPTA","M","f20201793@pilani.bits-pilani.ac.in", NULL);
INSERT INTO student VALUES ("2020A8PS1794P","HARSH PANT","M","f20201794@pilani.bits-pilani.ac.in", NULL);
INSERT INTO student VALUES ("2020A8PS1795P","ARSH MOHAN","M","f20201795@pilani.bits-pilani.ac.in", NULL);
INSERT INTO student VALUES ("2020A8PS1796P","ABHINAV HARSHA ADYA","F","f20201796@pilani.bits-pilani.ac.in", NULL);
INSERT INTO student VALUES ("2020A8PS1798P","ROHAN ANIL MUSKAWAD","M","f20201798@pilani.bits-pilani.ac.in", NULL);
INSERT INTO student VALUES ("2020A8PS1799P","ATHARVA UDAY DESHMUKH","F","f20201799@pilani.bits-pilani.ac.in", NULL);
INSERT INTO student VALUES ("2020A8PS1800P","GAURANG RATHI","M","f20201800@pilani.bits-pilani.ac.in", NULL);
INSERT INTO student VALUES ("2020A8PS1801P","PRATIK MOHAN","M","f20201801@pilani.bits-pilani.ac.in", NULL);
INSERT INTO student VALUES ("2020A8PS1802P","ISHAN KULKARNI","M","f20201802@pilani.bits-pilani.ac.in", NULL);
INSERT INTO student VALUES ("2020A8PS1803P","NIKITA TAWANI","F","f20201803@pilani.bits-pilani.ac.in", NULL);
INSERT INTO student VALUES ("2020A8PS1804P","ANANYA SINGH","M","f20201804@pilani.bits-pilani.ac.in", NULL);
INSERT INTO student VALUES ("2020A8PS1805P","PRABHSIMRAN SINGH","M","f20201805@pilani.bits-pilani.ac.in", NULL);
INSERT INTO student VALUES ("2020A8PS1806P","ROHIT JOHN MATHEW","M","f20201806@pilani.bits-pilani.ac.in", NULL);
INSERT INTO student VALUES ("2020A8PS1807P","SHREYA KHUBBER","F","f20201807@pilani.bits-pilani.ac.in", NULL);
INSERT INTO student VALUES ("2020A8PS1808P","CHIRAG AGARWAL","M","f20201808@pilani.bits-pilani.ac.in", NULL);
INSERT INTO student VALUES ("2020A8PS1809P","SAINIKHIL RAMPRASAD KANCHUMART","F","f20201809@pilani.bits-pilani.ac.in", NULL);
INSERT INTO student VALUES ("2020A8PS1810P","APOORV RASTOGI","F","f20201810@pilani.bits-pilani.ac.in", NULL);
INSERT INTO student VALUES ("2020A8PS1812P","SINDURA PATRIA","M","f20201812@pilani.bits-pilani.ac.in", NULL);
INSERT INTO student VALUES ("2020A8PS1813P","SARVESH KARTHIC","M","f20201813@pilani.bits-pilani.ac.in", NULL);
INSERT INTO student VALUES ("2020A8PS1814P","ATISHAY JAIN","M","f20201814@pilani.bits-pilani.ac.in", NULL);
INSERT INTO student VALUES ("2020A8PS1816P","KHUSHAAL CHABA","M","f20201816@pilani.bits-pilani.ac.in", NULL);
INSERT INTO student VALUES ("2020A8PS1817P","TARUN VASHISHTHA","M","f20201817@pilani.bits-pilani.ac.in", NULL);
INSERT INTO student VALUES ("2020A8PS1818P","RISHAV RAJ","M","f20201818@pilani.bits-pilani.ac.in", NULL);
INSERT INTO student VALUES ("2020A8PS1819P","LALIT ADITHYA P","F","f20201819@pilani.bits-pilani.ac.in", NULL);
INSERT INTO student VALUES ("2020A8PS1820P","PATEL RUDRESH KETANBHAI","M","f20201820@pilani.bits-pilani.ac.in", NULL);
INSERT INTO student VALUES ("2020A8PS1821P","SARTHAK GUPTA","M","f20201821@pilani.bits-pilani.ac.in", NULL);
INSERT INTO student VALUES ("2020A8PS1822P","RAJARSHI MISRA","F","f20201822@pilani.bits-pilani.ac.in", NULL);
INSERT INTO student VALUES ("2020A8PS1825P","MANN JAGDISH SHAH","M","f20201825@pilani.bits-pilani.ac.in", NULL);
INSERT INTO student VALUES ("2020A8PS1826P","ARYAN SINGH","M","f20201826@pilani.bits-pilani.ac.in", NULL);
INSERT INTO student VALUES ("2020A8PS1828P","SANKALP DAVE","M","f20201828@pilani.bits-pilani.ac.in", NULL);
INSERT INTO student VALUES ("2020A8PS1829P","VISHNU BANSAL","M","f20201829@pilani.bits-pilani.ac.in", NULL);
INSERT INTO student VALUES ("2020ABPS0489P","KESHAV BANSAL","M","f20200489@pilani.bits-pilani.ac.in", NULL);
INSERT INTO student VALUES ("2020ABPS0635P","ADARSH GOEL","M","f20200635@pilani.bits-pilani.ac.in", NULL);
INSERT INTO student VALUES ("2020ABPS0640P","JATIN KUMAR SAXENA","M","f20200640@pilani.bits-pilani.ac.in", NULL);
INSERT INTO student VALUES ("2020ABPS1048P","RAHUL CHORARIA","M","f20201048@pilani.bits-pilani.ac.in", NULL);
INSERT INTO student VALUES ("2020ABPS1051P","VEDANG CHOUDHARY","F","f20201051@pilani.bits-pilani.ac.in", NULL);
INSERT INTO student VALUES ("2020ABPS1065P","VEDIKA GUPTA","M","f20201065@pilani.bits-pilani.ac.in", NULL);
INSERT INTO student VALUES ("2020ABPS1067P","FAHAD QURESHI","M","f20201067@pilani.bits-pilani.ac.in", NULL);
INSERT INTO student VALUES ("2020ABPS1575P","PRATINAV MONGIA","F","f20201575@pilani.bits-pilani.ac.in", NULL);
INSERT INTO student VALUES ("2020ABPS1577P","SHASHWAT ASATI","F","f20201577@pilani.bits-pilani.ac.in", NULL);
INSERT INTO student VALUES ("2020ABPS1830P","SHAURYA BANSAL","M","f20201830@pilani.bits-pilani.ac.in", NULL);
INSERT INTO student VALUES ("2020ABPS1831P","VIBHAV AGRAWAL","M","f20201831@pilani.bits-pilani.ac.in", NULL);
INSERT INTO student VALUES ("2020ABPS1832P","SNEHA SANJIV PATIL","M","f20201832@pilani.bits-pilani.ac.in", NULL);
INSERT INTO student VALUES ("2020ABPS1833P","DHRUV JAJOO","M","f20201833@pilani.bits-pilani.ac.in", NULL);
INSERT INTO student VALUES ("2020ABPS1834P","YASH AGARWAL","M","f20201834@pilani.bits-pilani.ac.in", NULL);
INSERT INTO student VALUES ("2020ABPS1837P","B.ARVIND","M","f20201837@pilani.bits-pilani.ac.in", NULL);
INSERT INTO student VALUES ("2020ABPS1838P","SAHIL SNEHAL SHAH","M","f20201838@pilani.bits-pilani.ac.in", NULL);
INSERT INTO student VALUES ("2020ABPS1840P","VAIBHAVA SINGH","M","f20201840@pilani.bits-pilani.ac.in", NULL);
INSERT INTO student VALUES ("2020ABPS1841P","JIWESH GARG","M","f20201841@pilani.bits-pilani.ac.in", NULL);
INSERT INTO student VALUES ("2020ABPS1843P","HARRIS FAROOQ ASHAI","M","f20201843@pilani.bits-pilani.ac.in", NULL);
INSERT INTO student VALUES ("2020ABPS1844P","SANKET PATTNAIK","M","f20201844@pilani.bits-pilani.ac.in", NULL);
INSERT INTO student VALUES ("2020ABPS1845P","SHEREEN GAUBA","F","f20201845@pilani.bits-pilani.ac.in", NULL);
INSERT INTO student VALUES ("2020ABPS1846P","CHAITANYA BALANI","M","f20201846@pilani.bits-pilani.ac.in", NULL);
INSERT INTO student VALUES ("2020ABPS1847P","PRADYUNN HORA","M","f20201847@pilani.bits-pilani.ac.in", NULL);
INSERT INTO student VALUES ("2020ABPS1848P","UTKARSH SINGHVI","M","f20201848@pilani.bits-pilani.ac.in", NULL);
INSERT INTO student VALUES ("2020ABPS1849P","DENVER JOHN LOBO","M","f20201849@pilani.bits-pilani.ac.in", NULL);
INSERT INTO student VALUES ("2020ABPS1850P","ATHARV SRIVASTAVA","F","f20201850@pilani.bits-pilani.ac.in", NULL);
INSERT INTO student VALUES ("2020ABPS1851P","AMISH MEHTA","F","f20201851@pilani.bits-pilani.ac.in", NULL);
INSERT INTO student VALUES ("2020ABPS1852P","ISHITA MUNSHI","M","f20201852@pilani.bits-pilani.ac.in", NULL);
INSERT INTO student VALUES ("2020ABPS1853P","SAMKIT JAIN","M","f20201853@pilani.bits-pilani.ac.in", NULL);
INSERT INTO student VALUES ("2020ABPS1854P","PATIL PARTH SHRIKANT","M","f20201854@pilani.bits-pilani.ac.in", NULL);
INSERT INTO student VALUES ("2020ABPS1856P","GAIRIK MUKHERJEE","M","f20201856@pilani.bits-pilani.ac.in", NULL);
INSERT INTO student VALUES ("2020ABPS1857P","PRIYANSH GARG","F","f20201857@pilani.bits-pilani.ac.in", NULL);
INSERT INTO student VALUES ("2020ABPS1858P","LAKSHYA JAIN","M","f20201858@pilani.bits-pilani.ac.in", NULL);
INSERT INTO student VALUES ("2020ABPS1861P","AKSHAT KOTHARI","M","f20201861@pilani.bits-pilani.ac.in", NULL);
INSERT INTO student VALUES ("2020B1A10615P","AMARTYA KUMAR","M","f20200615@pilani.bits-pilani.ac.in", NULL);
INSERT INTO student VALUES ("2020B1A10617P","MANAS MANMOHAN KALYANPAD","F","f20200617@pilani.bits-pilani.ac.in", NULL);
INSERT INTO student VALUES ("2020B1A10641P","ANANT JAIN","M","f20200641@pilani.bits-pilani.ac.in", NULL);
INSERT INTO student VALUES ("2020B1A10662P","ADITYA MISHRA","M","f20200662@pilani.bits-pilani.ac.in", NULL);
INSERT INTO student VALUES ("2020B1A11226P","NIKHIL GIRISH RATNAPARKHI","M","f20201226@pilani.bits-pilani.ac.in", NULL);
INSERT INTO student VALUES ("2020B1A11385P","HARSH SRIVASTAVA","M","f20201385@pilani.bits-pilani.ac.in", NULL);
INSERT INTO student VALUES ("2020B1A11609P","BHAVUK","M","f20201609@pilani.bits-pilani.ac.in", NULL);
INSERT INTO student VALUES ("2020B1A11888P","ISHITTA TARUN SARDA","F","f20201888@pilani.bits-pilani.ac.in", NULL);
INSERT INTO student VALUES ("2020B1A11897P","JAIN TANISHQ HASMUKHBHAI","M","f20201897@pilani.bits-pilani.ac.in", NULL);
INSERT INTO student VALUES ("2020B1A11898P","NANDAN GOUD B","M","f20201898@pilani.bits-pilani.ac.in", NULL);
INSERT INTO student VALUES ("2020B1A11899P","SURYANK AGARWAL","M","f20201899@pilani.bits-pilani.ac.in", NULL);
INSERT INTO student VALUES ("2020B1A11906P","SHREYASH SINGH","M","f20201906@pilani.bits-pilani.ac.in", NULL);
INSERT INTO student VALUES ("2020B1A20658P","SIDDHARDH MALLISETTI","M","f20200658@pilani.bits-pilani.ac.in", NULL);
INSERT INTO student VALUES ("2020B1A21613P","VAIBHAV SINGLA","M","f20201613@pilani.bits-pilani.ac.in", NULL);
INSERT INTO student VALUES ("2020B1A30602P","KARANDE ASHIRWAD ABHIMAN","M","f20200602@pilani.bits-pilani.ac.in", NULL);
INSERT INTO student VALUES ("2020B1A30660P","SURAMYA","M","f20200660@pilani.bits-pilani.ac.in", NULL);
INSERT INTO student VALUES ("2020B1A31231P","ANIKA CHHABRA","M","f20201231@pilani.bits-pilani.ac.in", NULL);
INSERT INTO student VALUES ("2020B1A31392P","SIDDHARTH SINGH SENGAR","M","f20201392@pilani.bits-pilani.ac.in", NULL);
INSERT INTO student VALUES ("2020B1A31610P","ROHAN SHARDA","M","f20201610@pilani.bits-pilani.ac.in", NULL);
INSERT INTO student VALUES ("2020B1A31904P","SAHAJ TANDI","M","f20201904@pilani.bits-pilani.ac.in", NULL);
INSERT INTO student VALUES ("2020B1A31910P","SANYAM GUPTA","M","f20201910@pilani.bits-pilani.ac.in", NULL);
INSERT INTO student VALUES ("2020B1A40593P","SHIVAM ARYA","M","f20200593@pilani.bits-pilani.ac.in", NULL);
INSERT INTO student VALUES ("2020B1A40601P","HARSH KHANDELWAL","M","f20200601@pilani.bits-pilani.ac.in", NULL);
INSERT INTO student VALUES ("2020B1A40616P","ANANYA SARASWAT","M","f20200616@pilani.bits-pilani.ac.in", NULL);
INSERT INTO student VALUES ("2020B1A40621P","SIDDHANT ATRISH","M","f20200621@pilani.bits-pilani.ac.in", NULL);
INSERT INTO student VALUES ("2020B1A40651P","ISHPREET SINGH SOOD","M","f20200651@pilani.bits-pilani.ac.in", NULL);
INSERT INTO student VALUES ("2020B1A40652P","SHUBHAM MISHRA","M","f20200652@pilani.bits-pilani.ac.in", NULL);
INSERT INTO student VALUES ("2020B1A40656P","SHIKHAR SRIVASTAVA","F","f20200656@pilani.bits-pilani.ac.in", NULL);
INSERT INTO student VALUES ("2020B1A41396P","ANMOL GANDHI","M","f20201396@pilani.bits-pilani.ac.in", NULL);
INSERT INTO student VALUES ("2020B1A41607P","VIDUSHI SINHA","M","f20201607@pilani.bits-pilani.ac.in", NULL);
INSERT INTO student VALUES ("2020B1A41889P","ARYAN SHARMA","M","f20201889@pilani.bits-pilani.ac.in", NULL);
INSERT INTO student VALUES ("2020B1A41909P","SUMAIRSINGH NARSINGH BAIS","F","f20201909@pilani.bits-pilani.ac.in", NULL);
INSERT INTO student VALUES ("2020B1A41912P","NIKUNJ SINGHAL","M","f20201912@pilani.bits-pilani.ac.in", NULL);
INSERT INTO student VALUES ("2020B1A41913P","AMEYA AGLAWE","M","f20201913@pilani.bits-pilani.ac.in", NULL);
INSERT INTO student VALUES ("2020B1A70603P","SHRIPURNA GANGOPADHYAY","M","f20200603@pilani.bits-pilani.ac.in", NULL);
INSERT INTO student VALUES ("2020B1A70611P","SUBHRAMIT BASU BHOWMICK","F","f20200611@pilani.bits-pilani.ac.in", NULL);
INSERT INTO student VALUES ("2020B1A70623P","AYUSH","M","f20200623@pilani.bits-pilani.ac.in", NULL);
INSERT INTO student VALUES ("2020B1A70630P","ADITYA THAKUR","F","f20200630@pilani.bits-pilani.ac.in", NULL);
INSERT INTO student VALUES ("2020B1A70648P","TANUSHI GARG","M","f20200648@pilani.bits-pilani.ac.in", NULL);
INSERT INTO student VALUES ("2020B1A71380P","ARCHI JAIN","M","f20201380@pilani.bits-pilani.ac.in", NULL);
INSERT INTO student VALUES ("2020B1A71602P","SALONI BHANDARI","M","f20201602@pilani.bits-pilani.ac.in", NULL);
INSERT INTO student VALUES ("2020B1A71605P","SAMARTH TRIVEDI","F","f20201605@pilani.bits-pilani.ac.in", NULL);
INSERT INTO student VALUES ("2020B1A71612P","HARSHIL SETHI","M","f20201612@pilani.bits-pilani.ac.in", NULL);
INSERT INTO student VALUES ("2020B1A71896P","KARMAN SINGH SETHI","M","f20201896@pilani.bits-pilani.ac.in", NULL);
INSERT INTO student VALUES ("2020B1A71902P","AVYAKT GARG","M","f20201902@pilani.bits-pilani.ac.in", NULL);
INSERT INTO student VALUES ("2020B1A71942P","DEVANGI SHARMA","M","f20201942@pilani.bits-pilani.ac.in", NULL);
INSERT INTO student VALUES ("2020B1A80609P","JAIN VINEET","F","f20200609@pilani.bits-pilani.ac.in", NULL);
INSERT INTO student VALUES ("2020B1A80668P","RITWIK SINGH","M","f20200668@pilani.bits-pilani.ac.in", NULL);
INSERT INTO student VALUES ("2020B1A81914P","ABHISHEK SATPATHY","M","f20201914@pilani.bits-pilani.ac.in", NULL);
INSERT INTO student VALUES ("2020B1AA1379P","PRAJWAL NAKIL","M","f20201379@pilani.bits-pilani.ac.in", NULL);
INSERT INTO student VALUES ("2020B1AA1890P","MADHAV GARG","F","f20201890@pilani.bits-pilani.ac.in", NULL);
INSERT INTO student VALUES ("2020B1AB0669P","KINSHUK RASTOGI","M","f20200669@pilani.bits-pilani.ac.in", NULL);
INSERT INTO student VALUES ("2020B1AB0671P","YASH AGARWAL","M","f20200671@pilani.bits-pilani.ac.in", NULL);
INSERT INTO student VALUES ("2020B1AB1141P","KESHAV KALIA","M","f20201141@pilani.bits-pilani.ac.in", NULL);
INSERT INTO student VALUES ("2020B1AB1377P","YASHVARDHAN GOEL","M","f20201377@pilani.bits-pilani.ac.in", NULL);
INSERT INTO student VALUES ("2020B1AB1381P","SUSHANT PRIYAM","M","f20201381@pilani.bits-pilani.ac.in", NULL);
INSERT INTO student VALUES ("2020B1AB1386P","AARYAMAN SAHOO","F","f20201386@pilani.bits-pilani.ac.in", NULL);
INSERT INTO student VALUES ("2020B1AB1893P","SINGHANIA JEET","M","f20201893@pilani.bits-pilani.ac.in", NULL);
INSERT INTO student VALUES ("2020B1AB1901P","PRIYANKA SATHEESAN NAMBOODRI","M","f20201901@pilani.bits-pilani.ac.in", NULL);
INSERT INTO student VALUES ("2020B1AB1903P","TANMAY JAIN","M","f20201903@pilani.bits-pilani.ac.in", NULL);
INSERT INTO student VALUES ("2020B1AB1905P","UDBHAV CHOUDHARY","M","f20201905@pilani.bits-pilani.ac.in", NULL);
INSERT INTO student VALUES ("2020B1AB1908P","HRITIK KUMAR","M","f20201908@pilani.bits-pilani.ac.in", NULL);
INSERT INTO student VALUES ("2020B1AB1915P","AYAAN FEROZ KHAN","M","f20201915@pilani.bits-pilani.ac.in", NULL);
INSERT INTO student VALUES ("2020B1AB1916P","ASHISH VERMA","M","f20201916@pilani.bits-pilani.ac.in", NULL);
INSERT INTO student VALUES ("2020B1TS1252P","KUCHIBHOTLA ANANYA KIRTHI","F","f20201252@pilani.bits-pilani.ac.in", NULL);
INSERT INTO student VALUES ("2020B1TS1287P","RITIKA KANWAR","M","f20201287@pilani.bits-pilani.ac.in", NULL);
INSERT INTO student VALUES ("2020B2A10647P","AVNEET SINGH","M","f20200647@pilani.bits-pilani.ac.in", NULL);
INSERT INTO student VALUES ("2020B2A10649P","NAVNEET SINGH","M","f20200649@pilani.bits-pilani.ac.in", NULL);
INSERT INTO student VALUES ("2020B2A11617P","RIDHIM JAIN","M","f20201617@pilani.bits-pilani.ac.in", NULL);
INSERT INTO student VALUES ("2020B2A11918P","LAKSHIT JAIN","M","f20201918@pilani.bits-pilani.ac.in", NULL);
INSERT INTO student VALUES ("2020B2A11928P","NAMAN JALAN","M","f20201928@pilani.bits-pilani.ac.in", NULL);
INSERT INTO student VALUES ("2020B2A11941P","RAMESTHA PRINCE","M","f20201941@pilani.bits-pilani.ac.in", NULL);
INSERT INTO student VALUES ("2020B2A11944P","ANUBHAV SABHARWAL","M","f20201944@pilani.bits-pilani.ac.in", NULL);
INSERT INTO student VALUES ("2020B2A11950P","KARAN MEHTA","M","f20201950@pilani.bits-pilani.ac.in", NULL);
INSERT INTO student VALUES ("2020B2A11951P","P SAI NANDA HARSHA","M","f20201951@pilani.bits-pilani.ac.in", NULL);
INSERT INTO student VALUES ("2020B2A20745P","HARSHIT BADHWAR","F","f20200745@pilani.bits-pilani.ac.in", NULL);
INSERT INTO student VALUES ("2020B2A21145P","SYED AGA HANI RIZA","M","f20201145@pilani.bits-pilani.ac.in", NULL);
INSERT INTO student VALUES ("2020B2A21636P","JUMDE YASH UDAY","M","f20201636@pilani.bits-pilani.ac.in", NULL);
INSERT INTO student VALUES ("2020B2A21920P","PRANJAL RAJESH DEVENE","M","f20201920@pilani.bits-pilani.ac.in", NULL);
INSERT INTO student VALUES ("2020B2A21923P","DEEPENDER","F","f20201923@pilani.bits-pilani.ac.in", NULL);
INSERT INTO student VALUES ("2020B2A21925P","RAGHAV KHUGSHAL","M","f20201925@pilani.bits-pilani.ac.in", NULL);
INSERT INTO student VALUES ("2020B2A21940P","RITIK YADAV","M","f20201940@pilani.bits-pilani.ac.in", NULL);
INSERT INTO student VALUES ("2020B2A30637P","RAASHI VANWANI","M","f20200637@pilani.bits-pilani.ac.in", NULL);
INSERT INTO student VALUES ("2020B2A30654P","KANIKA GARG","M","f20200654@pilani.bits-pilani.ac.in", NULL);
INSERT INTO student VALUES ("2020B2A30704P","PAURAS SUNIL PATIL","M","f20200704@pilani.bits-pilani.ac.in", NULL);
INSERT INTO student VALUES ("2020B2A31619P","PRATHAM GUPTA","M","f20201619@pilani.bits-pilani.ac.in", NULL);
INSERT INTO student VALUES ("2020B2A31623P","HARSHVARDHAN JOUHARY","M","f20201623@pilani.bits-pilani.ac.in", NULL);
INSERT INTO student VALUES ("2020B2A31921P","AKARSH SAXENA","M","f20201921@pilani.bits-pilani.ac.in", NULL);
INSERT INTO student VALUES ("2020B2A31922P","SUKHANROOP KAUR BRAR","M","f20201922@pilani.bits-pilani.ac.in", NULL);
INSERT INTO student VALUES ("2020B2A31927P","LAVYA DHAWAN","M","f20201927@pilani.bits-pilani.ac.in", NULL);
INSERT INTO student VALUES ("2020B2A31954P","SATHYA SKANDA B M","M","f20201954@pilani.bits-pilani.ac.in", NULL);
INSERT INTO student VALUES ("2020B2A40703P","ACHYUTHA YESWANTH SRIRAJ","M","f20200703@pilani.bits-pilani.ac.in", NULL);
INSERT INTO student VALUES ("2020B2A40711P","AKSHAT DASHOTAR","M","f20200711@pilani.bits-pilani.ac.in", NULL);
INSERT INTO student VALUES ("2020B2A40733P","SHASHWAT SHARMA","M","f20200733@pilani.bits-pilani.ac.in", NULL);
INSERT INTO student VALUES ("2020B2A41401P","DHRUV BANSAL","M","f20201401@pilani.bits-pilani.ac.in", NULL);
INSERT INTO student VALUES ("2020B2A41412P","BHAVAY GOENKA","F","f20201412@pilani.bits-pilani.ac.in", NULL);
INSERT INTO student VALUES ("2020B2A41926P","PRASHANT R GUPTA","M","f20201926@pilani.bits-pilani.ac.in", NULL);
INSERT INTO student VALUES ("2020B2A41931P","AYUSH KUMAR","F","f20201931@pilani.bits-pilani.ac.in", NULL);
INSERT INTO student VALUES ("2020B2A41943P","VIVEK KALLANI","M","f20201943@pilani.bits-pilani.ac.in", NULL);
INSERT INTO student VALUES ("2020B2A41947P","SHIVANG RAI","M","f20201947@pilani.bits-pilani.ac.in", NULL);
INSERT INTO student VALUES ("2020B2A41949P","RAJEEV KUMAR","F","f20201949@pilani.bits-pilani.ac.in", NULL);
INSERT INTO student VALUES ("2020B2A41952P","NISHANT","M","f20201952@pilani.bits-pilani.ac.in", NULL);
INSERT INTO student VALUES ("2020B2A41955P","SIDDHARTH JAIN","M","f20201955@pilani.bits-pilani.ac.in", NULL);
INSERT INTO student VALUES ("2020B2A70633P","ANMOL","M","f20200633@pilani.bits-pilani.ac.in", NULL);
INSERT INTO student VALUES ("2020B2A70687P","SIDARTHA SANKARA PATI","M","f20200687@pilani.bits-pilani.ac.in", NULL);
INSERT INTO student VALUES ("2020B2A70709P","KOMMULA SAI VENKATA DHANUSH","M","f20200709@pilani.bits-pilani.ac.in", NULL);
INSERT INTO student VALUES ("2020B2A70731P","S SHAIPRANESH","F","f20200731@pilani.bits-pilani.ac.in", NULL);
INSERT INTO student VALUES ("2020B2A71136P","SUHANI MODI","F","f20201136@pilani.bits-pilani.ac.in", NULL);
INSERT INTO student VALUES ("2020B2A71406P","SIRIPURAM SURYA","M","f20201406@pilani.bits-pilani.ac.in", NULL);
INSERT INTO student VALUES ("2020B2A71611P","NIKHIL AGARWAL","M","f20201611@pilani.bits-pilani.ac.in", NULL);
INSERT INTO student VALUES ("2020B2A71932P","PULKIT","F","f20201932@pilani.bits-pilani.ac.in", NULL);
INSERT INTO student VALUES ("2020B2A71945P","TARESH BANSAL","M","f20201945@pilani.bits-pilani.ac.in", NULL);
INSERT INTO student VALUES ("2020B2A81413P","NIKHIL SHARMA","M","f20201413@pilani.bits-pilani.ac.in", NULL);
INSERT INTO student VALUES ("2020B2A81624P","ANSH GUPTA","M","f20201624@pilani.bits-pilani.ac.in", NULL);
INSERT INTO student VALUES ("2020B2A81635P","DEVAYUSH SHUKLA","M","f20201635@pilani.bits-pilani.ac.in", NULL);
INSERT INTO student VALUES ("2020B2A81924P","MANAN DHADDA","M","f20201924@pilani.bits-pilani.ac.in", NULL);
INSERT INTO student VALUES ("2020B2A81929P","ARKADEEP CHOWDHURY","M","f20201929@pilani.bits-pilani.ac.in", NULL);
INSERT INTO student VALUES ("2020B2A81938P","GARIMA DASHORE","F","f20201938@pilani.bits-pilani.ac.in", NULL);
INSERT INTO student VALUES ("2020B2A81948P","TEJUS JAIN","M","f20201948@pilani.bits-pilani.ac.in", NULL);
INSERT INTO student VALUES ("2020B2AA0722P","PRAROOP PRAVEEN AGRAWAL","F","f20200722@pilani.bits-pilani.ac.in", NULL);
INSERT INTO student VALUES ("2020B2AA1146P","SHREE GUPTA","M","f20201146@pilani.bits-pilani.ac.in", NULL);
INSERT INTO student VALUES ("2020B2AA1403P","KAMAL CHAUHAN","M","f20201403@pilani.bits-pilani.ac.in", NULL);
INSERT INTO student VALUES ("2020B2AA1946P","SHREYA AMBHORE","M","f20201946@pilani.bits-pilani.ac.in", NULL);
INSERT INTO student VALUES ("2020B2AB1917P","RICHARD AMBROSE","M","f20201917@pilani.bits-pilani.ac.in", NULL);
INSERT INTO student VALUES ("2020B2TS1254P","S SHRI RAM KUMAR","F","f20201254@pilani.bits-pilani.ac.in", NULL);
INSERT INTO student VALUES ("2020B2TS1283P","VIPUL SINGH","M","f20201283@pilani.bits-pilani.ac.in", NULL);
INSERT INTO student VALUES ("2020B2TS1286P","TEJAS SINGH","M","f20201286@pilani.bits-pilani.ac.in", NULL);
INSERT INTO student VALUES ("2020B2TS1300P","PIYUSH SAINI","M","f20201300@pilani.bits-pilani.ac.in", NULL);
INSERT INTO student VALUES ("2020B4A10690P","KUSHAGRA SINGH DHAUNI","M","f20200690@pilani.bits-pilani.ac.in", NULL);
INSERT INTO student VALUES ("2020B4A11469P","SPANDAN VERMA","M","f20201469@pilani.bits-pilani.ac.in", NULL);
INSERT INTO student VALUES ("2020B4A11655P","HATIM MUSTAFA MERCHANT","M","f20201655@pilani.bits-pilani.ac.in", NULL);
INSERT INTO student VALUES ("2020B4A11983P","KARTIK KARANDIKAR","M","f20201983@pilani.bits-pilani.ac.in", NULL);
INSERT INTO student VALUES ("2020B4A20737P","ALI AYMAN MALIK","M","f20200737@pilani.bits-pilani.ac.in", NULL);
INSERT INTO student VALUES ("2020B4A20881P","ISHAAN JHAMB","F","f20200881@pilani.bits-pilani.ac.in", NULL);
INSERT INTO student VALUES ("2020B4A21973P","ARYAN JACOB MATHEWS","F","f20201973@pilani.bits-pilani.ac.in", NULL);
INSERT INTO student VALUES ("2020B4A21980P","VAIBHAV TIWARI","M","f20201980@pilani.bits-pilani.ac.in", NULL);
INSERT INTO student VALUES ("2020B4A21981P","NEIL GHEVADE","F","f20201981@pilani.bits-pilani.ac.in", NULL);
INSERT INTO student VALUES ("2020B4A21993P","AYUSH MISHRA","F","f20201993@pilani.bits-pilani.ac.in", NULL);
INSERT INTO student VALUES ("2020B4A30694P","DIYA NARAYANAN","F","f20200694@pilani.bits-pilani.ac.in", NULL);
INSERT INTO student VALUES ("2020B4A30726P","IRVIT GUPTA","F","f20200726@pilani.bits-pilani.ac.in", NULL);
INSERT INTO student VALUES ("2020B4A30853P","DHRUV DUHAN","F","f20200853@pilani.bits-pilani.ac.in", NULL);
INSERT INTO student VALUES ("2020B4A30876P","ROY ANEERBAN RAJA","M","f20200876@pilani.bits-pilani.ac.in", NULL);
INSERT INTO student VALUES ("2020B4A31235P","NANDITA VAKEEL","M","f20201235@pilani.bits-pilani.ac.in", NULL);
INSERT INTO student VALUES ("2020B4A31448P","ADITYA PATHAK","F","f20201448@pilani.bits-pilani.ac.in", NULL);
INSERT INTO student VALUES ("2020B4A31476P","SARANSH GAUTAM","M","f20201476@pilani.bits-pilani.ac.in", NULL);
INSERT INTO student VALUES ("2020B4A31647P","DIVYANSHU SINGH","M","f20201647@pilani.bits-pilani.ac.in", NULL);
INSERT INTO student VALUES ("2020B4A31649P","MUSKAN DEORI","M","f20201649@pilani.bits-pilani.ac.in", NULL);
INSERT INTO student VALUES ("2020B4A31650P","TALATI JAIVAL","M","f20201650@pilani.bits-pilani.ac.in", NULL);
INSERT INTO student VALUES ("2020B4A31977P","AAKASH DEEPAK LAWANA","M","f20201977@pilani.bits-pilani.ac.in", NULL);
INSERT INTO student VALUES ("2020B4A31979P","ARHAM SHREYANSH CHHAJER","M","f20201979@pilani.bits-pilani.ac.in", NULL);
INSERT INTO student VALUES ("2020B4A31987P","ANJALI CHOUDHARY","M","f20201987@pilani.bits-pilani.ac.in", NULL);
INSERT INTO student VALUES ("2020B4A31995P","NIMIT JAIN","M","f20201995@pilani.bits-pilani.ac.in", NULL);
INSERT INTO student VALUES ("2020B4A40683P","NISHANT YADAV","F","f20200683@pilani.bits-pilani.ac.in", NULL);
INSERT INTO student VALUES ("2020B4A40710P","KAUSHIK DWIVEDI","M","f20200710@pilani.bits-pilani.ac.in", NULL);
INSERT INTO student VALUES ("2020B4A40735P","NAMAN GUPTA","F","f20200735@pilani.bits-pilani.ac.in", NULL);
INSERT INTO student VALUES ("2020B4A40954P","YUVRAJ KHANNA","M","f20200954@pilani.bits-pilani.ac.in", NULL);
INSERT INTO student VALUES ("2020B4A41446P","SHREYANSH JANGITWAR","F","f20201446@pilani.bits-pilani.ac.in", NULL);
INSERT INTO student VALUES ("2020B4A41974P","SHREESH GUPTA","F","f20201974@pilani.bits-pilani.ac.in", NULL);
INSERT INTO student VALUES ("2020B4A41978P","SARTHAK GOYAL","F","f20201978@pilani.bits-pilani.ac.in", NULL);
INSERT INTO student VALUES ("2020B4A41988P","SUBHRANSHU SEKHAR PANDA","M","f20201988@pilani.bits-pilani.ac.in", NULL);
INSERT INTO student VALUES ("2020B4A41990P","SARVESH KHANDELWAL","M","f20201990@pilani.bits-pilani.ac.in", NULL);
INSERT INTO student VALUES ("2020B4A70600P","RADHIKA GUPTA","M","f20200600@pilani.bits-pilani.ac.in", NULL);
INSERT INTO student VALUES ("2020B4A70632P","DIMPLE","M","f20200632@pilani.bits-pilani.ac.in", NULL);
INSERT INTO student VALUES ("2020B4A70830P","KARAN MANOJ AGRAWAL","M","f20200830@pilani.bits-pilani.ac.in", NULL);
INSERT INTO student VALUES ("2020B4A70833P","ARYAN RAMESH BARAPATRE","M","f20200833@pilani.bits-pilani.ac.in", NULL);
INSERT INTO student VALUES ("2020B4A70834P","ANANTH VENKATESH","M","f20200834@pilani.bits-pilani.ac.in", NULL);
INSERT INTO student VALUES ("2020B4A70836P","SRIJAN KHATRI","M","f20200836@pilani.bits-pilani.ac.in", NULL);
INSERT INTO student VALUES ("2020B4A70844P","VARUN VARMA","M","f20200844@pilani.bits-pilani.ac.in", NULL);
INSERT INTO student VALUES ("2020B4A70859P","RAUNAK BHALLA","M","f20200859@pilani.bits-pilani.ac.in", NULL);
INSERT INTO student VALUES ("2020B4A70878P","HARSH NEEMA","M","f20200878@pilani.bits-pilani.ac.in", NULL);
INSERT INTO student VALUES ("2020B4A70948P","AKSHAJ DIXIT","M","f20200948@pilani.bits-pilani.ac.in", NULL);
INSERT INTO student VALUES ("2020B4A70969P","DHRUV SINGH","M","f20200969@pilani.bits-pilani.ac.in", NULL);
INSERT INTO student VALUES ("2020B4A71325P","MADHAV NATH KHANNA","M","f20201325@pilani.bits-pilani.ac.in", NULL);
INSERT INTO student VALUES ("2020B4A71654P","BHUVAN GUPTA","M","f20201654@pilani.bits-pilani.ac.in", NULL);
INSERT INTO student VALUES ("2020B4A71975P","DIVIT P MALLAH","M","f20201975@pilani.bits-pilani.ac.in", NULL);
INSERT INTO student VALUES ("2020B4A71976P","AKSHAT KUMAR","M","f20201976@pilani.bits-pilani.ac.in", NULL);
INSERT INTO student VALUES ("2020B4A71986P","RIA SHEKHAWAT","F","f20201986@pilani.bits-pilani.ac.in", NULL);
INSERT INTO student VALUES ("2020B4A80824P","PUSHPENDRA SINGH PAYAL","M","f20200824@pilani.bits-pilani.ac.in", NULL);
INSERT INTO student VALUES ("2020B4A81440P","RACHIT GANDHI","M","f20201440@pilani.bits-pilani.ac.in", NULL);
INSERT INTO student VALUES ("2020B4A81658P","PRATHAM ARYA","M","f20201658@pilani.bits-pilani.ac.in", NULL);
INSERT INTO student VALUES ("2020B4A81984P","YERRABELLI AKSHAY","M","f20201984@pilani.bits-pilani.ac.in", NULL);
INSERT INTO student VALUES ("2020B4A81989P","JATIN GUPTA","F","f20201989@pilani.bits-pilani.ac.in", NULL);
INSERT INTO student VALUES ("2020B4A81994P","ARCHIT JAIN","M","f20201994@pilani.bits-pilani.ac.in", NULL);
INSERT INTO student VALUES ("2020B4A81996P","ABHINAV GUPTA","M","f20201996@pilani.bits-pilani.ac.in", NULL);
INSERT INTO student VALUES ("2020B4AA0474P","KUNAL GUPTA","F","f20200474@pilani.bits-pilani.ac.in", NULL);
INSERT INTO student VALUES ("2020B4AA0607P","KANCHI SYAMA NIKITA JHANSI RED","M","f20200607@pilani.bits-pilani.ac.in", NULL);
INSERT INTO student VALUES ("2020B4AA1331P","NILAY MARU","M","f20201331@pilani.bits-pilani.ac.in", NULL);
INSERT INTO student VALUES ("2020B4AA1982P","ARYAMAN AGGARWAL","M","f20201982@pilani.bits-pilani.ac.in", NULL);
INSERT INTO student VALUES ("2020B4AA1991P","DEVANSH SHARMA","M","f20201991@pilani.bits-pilani.ac.in", NULL);
INSERT INTO student VALUES ("2020B4PS1453P","RICHA SINGH","M","f20201453@pilani.bits-pilani.ac.in", NULL);
INSERT INTO student VALUES ("2020B4TS1258P","RAHUL KIRORIWAL","F","f20201258@pilani.bits-pilani.ac.in", NULL);
INSERT INTO student VALUES ("2020B4TS1261P","ROMA","M","f20201261@pilani.bits-pilani.ac.in", NULL);
INSERT INTO student VALUES ("2020B4TS1273P","YANA UPADHYAY","M","f20201273@pilani.bits-pilani.ac.in", NULL);
INSERT INTO student VALUES ("2020B4TS1274P","GARVIT SHARMA","M","f20201274@pilani.bits-pilani.ac.in", NULL);
INSERT INTO student VALUES ("2020B4TS1276P","DEEPANSHU GUPTA","M","f20201276@pilani.bits-pilani.ac.in", NULL);
INSERT INTO student VALUES ("2020B4TS1278P","SHREYA MISHRA","F","f20201278@pilani.bits-pilani.ac.in", NULL);
INSERT INTO student VALUES ("2020B5A10678P","ARYAN VERMA","M","f20200678@pilani.bits-pilani.ac.in", NULL);
INSERT INTO student VALUES ("2020B5A10688P","YASH CHAUHAN","M","f20200688@pilani.bits-pilani.ac.in", NULL);
INSERT INTO student VALUES ("2020B5A10921P","AMAN KUMAR SHUKLA","M","f20200921@pilani.bits-pilani.ac.in", NULL);
INSERT INTO student VALUES ("2020B5A11459P","YASH GUPTA","M","f20201459@pilani.bits-pilani.ac.in", NULL);
INSERT INTO student VALUES ("2020B5A11665P","ARYAN SINGH","F","f20201665@pilani.bits-pilani.ac.in", NULL);
INSERT INTO student VALUES ("2020B5A11673P","RAGHIB ABDUZ  SAMEE","F","f20201673@pilani.bits-pilani.ac.in", NULL);
INSERT INTO student VALUES ("2020B5A12002P","KARANVEER SINGH CHUNDAWAT","M","f20202002@pilani.bits-pilani.ac.in", NULL);
INSERT INTO student VALUES ("2020B5A20614P","SAMARTH CHOUKSEY","M","f20200614@pilani.bits-pilani.ac.in", NULL);
INSERT INTO student VALUES ("2020B5A20718P","YASH TYAGI","M","f20200718@pilani.bits-pilani.ac.in", NULL);
INSERT INTO student VALUES ("2020B5A21462P","MAYANK KUMAR SINGH","M","f20201462@pilani.bits-pilani.ac.in", NULL);
INSERT INTO student VALUES ("2020B5A21485P","KRISH LIMBANI","F","f20201485@pilani.bits-pilani.ac.in", NULL);
INSERT INTO student VALUES ("2020B5A21659P","AYUSH ANAND BOURAI","M","f20201659@pilani.bits-pilani.ac.in", NULL);
INSERT INTO student VALUES ("2020B5A21666P","HARSHIL AGRAWAL","M","f20201666@pilani.bits-pilani.ac.in", NULL);
INSERT INTO student VALUES ("2020B5A21999P","ANSH DAS","M","f20201999@pilani.bits-pilani.ac.in", NULL);
INSERT INTO student VALUES ("2020B5A30926P","AARYAV MISHRA","M","f20200926@pilani.bits-pilani.ac.in", NULL);
INSERT INTO student VALUES ("2020B5A30929P","NIRANJAN CHAUDHARI","M","f20200929@pilani.bits-pilani.ac.in", NULL);
INSERT INTO student VALUES ("2020B5A30932P","KHATRI MEET NARAYAN","F","f20200932@pilani.bits-pilani.ac.in", NULL);
INSERT INTO student VALUES ("2020B5A30945P","ANSH MAHAPATRA","F","f20200945@pilani.bits-pilani.ac.in", NULL);
INSERT INTO student VALUES ("2020B5A31662P","PRANAV BHASKARAN","M","f20201662@pilani.bits-pilani.ac.in", NULL);
INSERT INTO student VALUES ("2020B5A32008P","AKSHAT SHARMA","F","f20202008@pilani.bits-pilani.ac.in", NULL);
INSERT INTO student VALUES ("2020B5A40627P","GURUPAM DIXIT","M","f20200627@pilani.bits-pilani.ac.in", NULL);
INSERT INTO student VALUES ("2020B5A40628P","MUKUL SHARMA","M","f20200628@pilani.bits-pilani.ac.in", NULL);
INSERT INTO student VALUES ("2020B5A40744P","PRATHAM AGRAWAL","M","f20200744@pilani.bits-pilani.ac.in", NULL);
INSERT INTO student VALUES ("2020B5A40960P","DEEP PATEL","M","f20200960@pilani.bits-pilani.ac.in", NULL);
INSERT INTO student VALUES ("2020B5A40967P","ADITYA SHARMA","M","f20200967@pilani.bits-pilani.ac.in", NULL);
INSERT INTO student VALUES ("2020B5A41336P","SARVAGYA GARG","M","f20201336@pilani.bits-pilani.ac.in", NULL);
INSERT INTO student VALUES ("2020B5A41454P","SUYASH KUMAR","M","f20201454@pilani.bits-pilani.ac.in", NULL);
INSERT INTO student VALUES ("2020B5A41457P","ABHIJIT PADHI","M","f20201457@pilani.bits-pilani.ac.in", NULL);
INSERT INTO student VALUES ("2020B5A41458P","ADITYA GOEL","M","f20201458@pilani.bits-pilani.ac.in", NULL);
INSERT INTO student VALUES ("2020B5A41664P","RITISH PURI","M","f20201664@pilani.bits-pilani.ac.in", NULL);
INSERT INTO student VALUES ("2020B5A41671P","NEHIL SINGH","F","f20201671@pilani.bits-pilani.ac.in", NULL);
INSERT INTO student VALUES ("2020B5A41672P","ARYAMAN DAS","M","f20201672@pilani.bits-pilani.ac.in", NULL);
INSERT INTO student VALUES ("2020B5A42010P","ADITYA AGRAWAL","F","f20202010@pilani.bits-pilani.ac.in", NULL);
INSERT INTO student VALUES ("2020B5A42012P","MADHAV CHAWLA","F","f20202012@pilani.bits-pilani.ac.in", NULL);
INSERT INTO student VALUES ("2020B5A70604P","DIVYAN PODDAR","M","f20200604@pilani.bits-pilani.ac.in", NULL);
INSERT INTO student VALUES ("2020B5A70693P","NANDALAL ODEDARA","M","f20200693@pilani.bits-pilani.ac.in", NULL);
INSERT INTO student VALUES ("2020B5A70788P","ABHINAV SAHAY","M","f20200788@pilani.bits-pilani.ac.in", NULL);
INSERT INTO student VALUES ("2020B5A70897P","VEDANG BHUPESH SHENVI NADKARNI","M","f20200897@pilani.bits-pilani.ac.in", NULL);
INSERT INTO student VALUES ("2020B5A70912P","STAVYA PURI","F","f20200912@pilani.bits-pilani.ac.in", NULL);
INSERT INTO student VALUES ("2020B5A70924P","ADARSH AGARWAL","M","f20200924@pilani.bits-pilani.ac.in", NULL);
INSERT INTO student VALUES ("2020B5A70930P","POPURI SAI DHRUV","F","f20200930@pilani.bits-pilani.ac.in", NULL);
INSERT INTO student VALUES ("2020B5A70931P","ALVIN ADARSH KUMAR","M","f20200931@pilani.bits-pilani.ac.in", NULL);
INSERT INTO student VALUES ("2020B5A70951P","PRAKHAR PANDEY","M","f20200951@pilani.bits-pilani.ac.in", NULL);
INSERT INTO student VALUES ("2020B5A72001P","DEVANSH","M","f20202001@pilani.bits-pilani.ac.in", NULL);
INSERT INTO student VALUES ("2020B5A72006P","ARYAMAN CHAUHAN","M","f20202006@pilani.bits-pilani.ac.in", NULL);
INSERT INTO student VALUES ("2020B5A80925P","NAKUL GUPTA","M","f20200925@pilani.bits-pilani.ac.in", NULL);
INSERT INTO student VALUES ("2020B5A80966P","PINAPATI SAKETH","M","f20200966@pilani.bits-pilani.ac.in", NULL);
INSERT INTO student VALUES ("2020B5A81399P","SUKRITI MATHUR","M","f20201399@pilani.bits-pilani.ac.in", NULL);
INSERT INTO student VALUES ("2020B5A82052P","SYED MAAZ HUSAIN","M","f20202052@pilani.bits-pilani.ac.in", NULL);
INSERT INTO student VALUES ("2020B5AA0698P","ARYAJEET SINGH SAMRA","M","f20200698@pilani.bits-pilani.ac.in", NULL);
INSERT INTO student VALUES ("2020B5AA0719P","KRISHNA CHOPRA","M","f20200719@pilani.bits-pilani.ac.in", NULL);
INSERT INTO student VALUES ("2020B5AA0740P","SAJAL SHARMA","M","f20200740@pilani.bits-pilani.ac.in", NULL);
INSERT INTO student VALUES ("2020B5AA0910P","TAHA YUSUF RAJA","M","f20200910@pilani.bits-pilani.ac.in", NULL);
INSERT INTO student VALUES ("2020B5AA0915P","UDAYAGIRI ADISHREYES KUMAR","M","f20200915@pilani.bits-pilani.ac.in", NULL);
INSERT INTO student VALUES ("2020B5AA0947P","ANUBHAV PANDA","M","f20200947@pilani.bits-pilani.ac.in", NULL);
INSERT INTO student VALUES ("2020B5AA1398P","TRIDEEB BHATTACHARYA","M","f20201398@pilani.bits-pilani.ac.in", NULL);
INSERT INTO student VALUES ("2020B5AA1471P","ISHAN KHARE","F","f20201471@pilani.bits-pilani.ac.in", NULL);
INSERT INTO student VALUES ("2020B5AA2007P","UTKARSH SHUKLA","M","f20202007@pilani.bits-pilani.ac.in", NULL);
INSERT INTO student VALUES ("2020B5AB0900P","DOBARIYA NAITIK DINESHBHAI","M","f20200900@pilani.bits-pilani.ac.in", NULL);
INSERT INTO student VALUES ("2020B5AB2004P","SOHAM MUKHERJEE","M","f20202004@pilani.bits-pilani.ac.in", NULL);
INSERT INTO student VALUES ("2020B5AB2005P","G ADARSH CHANDRA","M","f20202005@pilani.bits-pilani.ac.in", NULL);
INSERT INTO student VALUES ("2020B5PS0905P","VALIVERU SAI SRIKAR","M","f20200905@pilani.bits-pilani.ac.in", NULL);
INSERT INTO student VALUES ("2020B5PS1998P","JAY KHANDKAR","F","f20201998@pilani.bits-pilani.ac.in", NULL);
INSERT INTO student VALUES ("2020B5TS1251P","MAMTA SINGH","M","f20201251@pilani.bits-pilani.ac.in", NULL);

INSERT INTO hostel VALUES("BD", "Budh Bhawan", 60, 80); -- capacity = 200
INSERT INTO hostel VALUES("SK", "Shankar Bhawan", 70, 110); -- capacity = 250
INSERT INTO hostel VALUES("MR", "Meera Bhawan", 40, 70); -- capacity = 150

INSERT INTO room VALUES ("BD",2001,2);
INSERT INTO room VALUES ("BD",2002,2);
INSERT INTO room VALUES ("BD",2003,2);
INSERT INTO room VALUES ("BD",2004,2);
INSERT INTO room VALUES ("BD",2005,2);
INSERT INTO room VALUES ("BD",2006,2);
INSERT INTO room VALUES ("BD",2007,2);
INSERT INTO room VALUES ("BD",2008,2);
INSERT INTO room VALUES ("BD",2009,2);
INSERT INTO room VALUES ("BD",2010,2);
INSERT INTO room VALUES ("BD",2011,2);
INSERT INTO room VALUES ("BD",2012,2);
INSERT INTO room VALUES ("BD",2013,2);
INSERT INTO room VALUES ("BD",2014,2);
INSERT INTO room VALUES ("BD",2015,2);
INSERT INTO room VALUES ("BD",2016,2);
INSERT INTO room VALUES ("BD",2017,2);
INSERT INTO room VALUES ("BD",2018,2);
INSERT INTO room VALUES ("BD",2019,2);
INSERT INTO room VALUES ("BD",2020,2);
INSERT INTO room VALUES ("BD",2021,2);
INSERT INTO room VALUES ("BD",2022,2);
INSERT INTO room VALUES ("BD",2023,2);
INSERT INTO room VALUES ("BD",2024,2);
INSERT INTO room VALUES ("BD",2025,2);
INSERT INTO room VALUES ("BD",2026,2);
INSERT INTO room VALUES ("BD",2027,2);
INSERT INTO room VALUES ("BD",2028,2);
INSERT INTO room VALUES ("BD",2029,2);
INSERT INTO room VALUES ("BD",2030,2);
INSERT INTO room VALUES ("BD",2031,2);
INSERT INTO room VALUES ("BD",2032,2);
INSERT INTO room VALUES ("BD",2033,2);
INSERT INTO room VALUES ("BD",2034,2);
INSERT INTO room VALUES ("BD",2035,2);
INSERT INTO room VALUES ("BD",2036,2);
INSERT INTO room VALUES ("BD",2037,2);
INSERT INTO room VALUES ("BD",2038,2);
INSERT INTO room VALUES ("BD",2039,2);
INSERT INTO room VALUES ("BD",2040,2);
INSERT INTO room VALUES ("BD",2041,2);
INSERT INTO room VALUES ("BD",2042,2);
INSERT INTO room VALUES ("BD",2043,2);
INSERT INTO room VALUES ("BD",2044,2);
INSERT INTO room VALUES ("BD",2045,2);
INSERT INTO room VALUES ("BD",2046,2);
INSERT INTO room VALUES ("BD",2047,2);
INSERT INTO room VALUES ("BD",2048,2);
INSERT INTO room VALUES ("BD",2049,2);
INSERT INTO room VALUES ("BD",2050,2);
INSERT INTO room VALUES ("BD",2051,2);
INSERT INTO room VALUES ("BD",2052,2);
INSERT INTO room VALUES ("BD",2053,2);
INSERT INTO room VALUES ("BD",2054,2);
INSERT INTO room VALUES ("BD",2055,2);
INSERT INTO room VALUES ("BD",2056,2);
INSERT INTO room VALUES ("BD",2057,2);
INSERT INTO room VALUES ("BD",2058,2);
INSERT INTO room VALUES ("BD",2059,2);
INSERT INTO room VALUES ("BD",2060,2);
INSERT INTO room VALUES ("BD",1001,1);
INSERT INTO room VALUES ("BD",1002,1);
INSERT INTO room VALUES ("BD",1003,1);
INSERT INTO room VALUES ("BD",1004,1);
INSERT INTO room VALUES ("BD",1005,1);
INSERT INTO room VALUES ("BD",1006,1);
INSERT INTO room VALUES ("BD",1007,1);
INSERT INTO room VALUES ("BD",1008,1);
INSERT INTO room VALUES ("BD",1009,1);
INSERT INTO room VALUES ("BD",1010,1);
INSERT INTO room VALUES ("BD",1011,1);
INSERT INTO room VALUES ("BD",1012,1);
INSERT INTO room VALUES ("BD",1013,1);
INSERT INTO room VALUES ("BD",1014,1);
INSERT INTO room VALUES ("BD",1015,1);
INSERT INTO room VALUES ("BD",1016,1);
INSERT INTO room VALUES ("BD",1017,1);
INSERT INTO room VALUES ("BD",1018,1);
INSERT INTO room VALUES ("BD",1019,1);
INSERT INTO room VALUES ("BD",1020,1);
INSERT INTO room VALUES ("BD",1021,1);
INSERT INTO room VALUES ("BD",1022,1);
INSERT INTO room VALUES ("BD",1023,1);
INSERT INTO room VALUES ("BD",1024,1);
INSERT INTO room VALUES ("BD",1025,1);
INSERT INTO room VALUES ("BD",1026,1);
INSERT INTO room VALUES ("BD",1027,1);
INSERT INTO room VALUES ("BD",1028,1);
INSERT INTO room VALUES ("BD",1029,1);
INSERT INTO room VALUES ("BD",1030,1);
INSERT INTO room VALUES ("BD",1031,1);
INSERT INTO room VALUES ("BD",1032,1);
INSERT INTO room VALUES ("BD",1033,1);
INSERT INTO room VALUES ("BD",1034,1);
INSERT INTO room VALUES ("BD",1035,1);
INSERT INTO room VALUES ("BD",1036,1);
INSERT INTO room VALUES ("BD",1037,1);
INSERT INTO room VALUES ("BD",1038,1);
INSERT INTO room VALUES ("BD",1039,1);
INSERT INTO room VALUES ("BD",1040,1);
INSERT INTO room VALUES ("BD",1041,1);
INSERT INTO room VALUES ("BD",1042,1);
INSERT INTO room VALUES ("BD",1043,1);
INSERT INTO room VALUES ("BD",1044,1);
INSERT INTO room VALUES ("BD",1045,1);
INSERT INTO room VALUES ("BD",1046,1);
INSERT INTO room VALUES ("BD",1047,1);
INSERT INTO room VALUES ("BD",1048,1);
INSERT INTO room VALUES ("BD",1049,1);
INSERT INTO room VALUES ("BD",1050,1);
INSERT INTO room VALUES ("BD",1051,1);
INSERT INTO room VALUES ("BD",1052,1);
INSERT INTO room VALUES ("BD",1053,1);
INSERT INTO room VALUES ("BD",1054,1);
INSERT INTO room VALUES ("BD",1055,1);
INSERT INTO room VALUES ("BD",1056,1);
INSERT INTO room VALUES ("BD",1057,1);
INSERT INTO room VALUES ("BD",1058,1);
INSERT INTO room VALUES ("BD",1059,1);
INSERT INTO room VALUES ("BD",1060,1);
INSERT INTO room VALUES ("BD",1061,1);
INSERT INTO room VALUES ("BD",1062,1);
INSERT INTO room VALUES ("BD",1063,1);
INSERT INTO room VALUES ("BD",1064,1);
INSERT INTO room VALUES ("BD",1065,1);
INSERT INTO room VALUES ("BD",1066,1);
INSERT INTO room VALUES ("BD",1067,1);
INSERT INTO room VALUES ("BD",1068,1);
INSERT INTO room VALUES ("BD",1069,1);
INSERT INTO room VALUES ("BD",1070,1);
INSERT INTO room VALUES ("BD",1071,1);
INSERT INTO room VALUES ("BD",1072,1);
INSERT INTO room VALUES ("BD",1073,1);
INSERT INTO room VALUES ("BD",1074,1);
INSERT INTO room VALUES ("BD",1075,1);
INSERT INTO room VALUES ("BD",1076,1);
INSERT INTO room VALUES ("BD",1077,1);
INSERT INTO room VALUES ("BD",1078,1);
INSERT INTO room VALUES ("BD",1079,1);
INSERT INTO room VALUES ("BD",1080,1);
INSERT INTO room VALUES ("SK",4001,2);
INSERT INTO room VALUES ("SK",4002,2);
INSERT INTO room VALUES ("SK",4003,2);
INSERT INTO room VALUES ("SK",4004,2);
INSERT INTO room VALUES ("SK",4005,2);
INSERT INTO room VALUES ("SK",4006,2);
INSERT INTO room VALUES ("SK",4007,2);
INSERT INTO room VALUES ("SK",4008,2);
INSERT INTO room VALUES ("SK",4009,2);
INSERT INTO room VALUES ("SK",4010,2);
INSERT INTO room VALUES ("SK",4011,2);
INSERT INTO room VALUES ("SK",4012,2);
INSERT INTO room VALUES ("SK",4013,2);
INSERT INTO room VALUES ("SK",4014,2);
INSERT INTO room VALUES ("SK",4015,2);
INSERT INTO room VALUES ("SK",4016,2);
INSERT INTO room VALUES ("SK",4017,2);
INSERT INTO room VALUES ("SK",4018,2);
INSERT INTO room VALUES ("SK",4019,2);
INSERT INTO room VALUES ("SK",4020,2);
INSERT INTO room VALUES ("SK",4021,2);
INSERT INTO room VALUES ("SK",4022,2);
INSERT INTO room VALUES ("SK",4023,2);
INSERT INTO room VALUES ("SK",4024,2);
INSERT INTO room VALUES ("SK",4025,2);
INSERT INTO room VALUES ("SK",4026,2);
INSERT INTO room VALUES ("SK",4027,2);
INSERT INTO room VALUES ("SK",4028,2);
INSERT INTO room VALUES ("SK",4029,2);
INSERT INTO room VALUES ("SK",4030,2);
INSERT INTO room VALUES ("SK",4031,2);
INSERT INTO room VALUES ("SK",4032,2);
INSERT INTO room VALUES ("SK",4033,2);
INSERT INTO room VALUES ("SK",4034,2);
INSERT INTO room VALUES ("SK",4035,2);
INSERT INTO room VALUES ("SK",4036,2);
INSERT INTO room VALUES ("SK",4037,2);
INSERT INTO room VALUES ("SK",4038,2);
INSERT INTO room VALUES ("SK",4039,2);
INSERT INTO room VALUES ("SK",4040,2);
INSERT INTO room VALUES ("SK",4041,2);
INSERT INTO room VALUES ("SK",4042,2);
INSERT INTO room VALUES ("SK",4043,2);
INSERT INTO room VALUES ("SK",4044,2);
INSERT INTO room VALUES ("SK",4045,2);
INSERT INTO room VALUES ("SK",4046,2);
INSERT INTO room VALUES ("SK",4047,2);
INSERT INTO room VALUES ("SK",4048,2);
INSERT INTO room VALUES ("SK",4049,2);
INSERT INTO room VALUES ("SK",4050,2);
INSERT INTO room VALUES ("SK",4051,2);
INSERT INTO room VALUES ("SK",4052,2);
INSERT INTO room VALUES ("SK",4053,2);
INSERT INTO room VALUES ("SK",4054,2);
INSERT INTO room VALUES ("SK",4055,2);
INSERT INTO room VALUES ("SK",4056,2);
INSERT INTO room VALUES ("SK",4057,2);
INSERT INTO room VALUES ("SK",4058,2);
INSERT INTO room VALUES ("SK",4059,2);
INSERT INTO room VALUES ("SK",4060,2);
INSERT INTO room VALUES ("SK",4061,2);
INSERT INTO room VALUES ("SK",4062,2);
INSERT INTO room VALUES ("SK",4063,2);
INSERT INTO room VALUES ("SK",4064,2);
INSERT INTO room VALUES ("SK",4065,2);
INSERT INTO room VALUES ("SK",4066,2);
INSERT INTO room VALUES ("SK",4067,2);
INSERT INTO room VALUES ("SK",4068,2);
INSERT INTO room VALUES ("SK",4069,2);
INSERT INTO room VALUES ("SK",4070,2);
INSERT INTO room VALUES ("SK",3001,1);
INSERT INTO room VALUES ("SK",3002,1);
INSERT INTO room VALUES ("SK",3003,1);
INSERT INTO room VALUES ("SK",3004,1);
INSERT INTO room VALUES ("SK",3005,1);
INSERT INTO room VALUES ("SK",3006,1);
INSERT INTO room VALUES ("SK",3007,1);
INSERT INTO room VALUES ("SK",3008,1);
INSERT INTO room VALUES ("SK",3009,1);
INSERT INTO room VALUES ("SK",3010,1);
INSERT INTO room VALUES ("SK",3011,1);
INSERT INTO room VALUES ("SK",3012,1);
INSERT INTO room VALUES ("SK",3013,1);
INSERT INTO room VALUES ("SK",3014,1);
INSERT INTO room VALUES ("SK",3015,1);
INSERT INTO room VALUES ("SK",3016,1);
INSERT INTO room VALUES ("SK",3017,1);
INSERT INTO room VALUES ("SK",3018,1);
INSERT INTO room VALUES ("SK",3019,1);
INSERT INTO room VALUES ("SK",3020,1);
INSERT INTO room VALUES ("SK",3021,1);
INSERT INTO room VALUES ("SK",3022,1);
INSERT INTO room VALUES ("SK",3023,1);
INSERT INTO room VALUES ("SK",3024,1);
INSERT INTO room VALUES ("SK",3025,1);
INSERT INTO room VALUES ("SK",3026,1);
INSERT INTO room VALUES ("SK",3027,1);
INSERT INTO room VALUES ("SK",3028,1);
INSERT INTO room VALUES ("SK",3029,1);
INSERT INTO room VALUES ("SK",3030,1);
INSERT INTO room VALUES ("SK",3031,1);
INSERT INTO room VALUES ("SK",3032,1);
INSERT INTO room VALUES ("SK",3033,1);
INSERT INTO room VALUES ("SK",3034,1);
INSERT INTO room VALUES ("SK",3035,1);
INSERT INTO room VALUES ("SK",3036,1);
INSERT INTO room VALUES ("SK",3037,1);
INSERT INTO room VALUES ("SK",3038,1);
INSERT INTO room VALUES ("SK",3039,1);
INSERT INTO room VALUES ("SK",3040,1);
INSERT INTO room VALUES ("SK",3041,1);
INSERT INTO room VALUES ("SK",3042,1);
INSERT INTO room VALUES ("SK",3043,1);
INSERT INTO room VALUES ("SK",3044,1);
INSERT INTO room VALUES ("SK",3045,1);
INSERT INTO room VALUES ("SK",3046,1);
INSERT INTO room VALUES ("SK",3047,1);
INSERT INTO room VALUES ("SK",3048,1);
INSERT INTO room VALUES ("SK",3049,1);
INSERT INTO room VALUES ("SK",3050,1);
INSERT INTO room VALUES ("SK",3051,1);
INSERT INTO room VALUES ("SK",3052,1);
INSERT INTO room VALUES ("SK",3053,1);
INSERT INTO room VALUES ("SK",3054,1);
INSERT INTO room VALUES ("SK",3055,1);
INSERT INTO room VALUES ("SK",3056,1);
INSERT INTO room VALUES ("SK",3057,1);
INSERT INTO room VALUES ("SK",3058,1);
INSERT INTO room VALUES ("SK",3059,1);
INSERT INTO room VALUES ("SK",3060,1);
INSERT INTO room VALUES ("SK",3061,1);
INSERT INTO room VALUES ("SK",3062,1);
INSERT INTO room VALUES ("SK",3063,1);
INSERT INTO room VALUES ("SK",3064,1);
INSERT INTO room VALUES ("SK",3065,1);
INSERT INTO room VALUES ("SK",3066,1);
INSERT INTO room VALUES ("SK",3067,1);
INSERT INTO room VALUES ("SK",3068,1);
INSERT INTO room VALUES ("SK",3069,1);
INSERT INTO room VALUES ("SK",3070,1);
INSERT INTO room VALUES ("SK",3071,1);
INSERT INTO room VALUES ("SK",3072,1);
INSERT INTO room VALUES ("SK",3073,1);
INSERT INTO room VALUES ("SK",3074,1);
INSERT INTO room VALUES ("SK",3075,1);
INSERT INTO room VALUES ("SK",3076,1);
INSERT INTO room VALUES ("SK",3077,1);
INSERT INTO room VALUES ("SK",3078,1);
INSERT INTO room VALUES ("SK",3079,1);
INSERT INTO room VALUES ("SK",3080,1);
INSERT INTO room VALUES ("SK",3081,1);
INSERT INTO room VALUES ("SK",3082,1);
INSERT INTO room VALUES ("SK",3083,1);
INSERT INTO room VALUES ("SK",3084,1);
INSERT INTO room VALUES ("SK",3085,1);
INSERT INTO room VALUES ("SK",3086,1);
INSERT INTO room VALUES ("SK",3087,1);
INSERT INTO room VALUES ("SK",3088,1);
INSERT INTO room VALUES ("SK",3089,1);
INSERT INTO room VALUES ("SK",3090,1);
INSERT INTO room VALUES ("SK",3091,1);
INSERT INTO room VALUES ("SK",3092,1);
INSERT INTO room VALUES ("SK",3093,1);
INSERT INTO room VALUES ("SK",3094,1);
INSERT INTO room VALUES ("SK",3095,1);
INSERT INTO room VALUES ("SK",3096,1);
INSERT INTO room VALUES ("SK",3097,1);
INSERT INTO room VALUES ("SK",3098,1);
INSERT INTO room VALUES ("SK",3099,1);
INSERT INTO room VALUES ("SK",3100,1);
INSERT INTO room VALUES ("SK",3101,1);
INSERT INTO room VALUES ("SK",3102,1);
INSERT INTO room VALUES ("SK",3103,1);
INSERT INTO room VALUES ("SK",3104,1);
INSERT INTO room VALUES ("SK",3105,1);
INSERT INTO room VALUES ("SK",3106,1);
INSERT INTO room VALUES ("SK",3107,1);
INSERT INTO room VALUES ("SK",3108,1);
INSERT INTO room VALUES ("SK",3109,1);
INSERT INTO room VALUES ("SK",3110,1);
INSERT INTO room VALUES ("MR",201,2);
INSERT INTO room VALUES ("MR",202,2);
INSERT INTO room VALUES ("MR",203,2);
INSERT INTO room VALUES ("MR",204,2);
INSERT INTO room VALUES ("MR",205,2);
INSERT INTO room VALUES ("MR",206,2);
INSERT INTO room VALUES ("MR",207,2);
INSERT INTO room VALUES ("MR",208,2);
INSERT INTO room VALUES ("MR",209,2);
INSERT INTO room VALUES ("MR",210,2);
INSERT INTO room VALUES ("MR",211,2);
INSERT INTO room VALUES ("MR",212,2);
INSERT INTO room VALUES ("MR",213,2);
INSERT INTO room VALUES ("MR",214,2);
INSERT INTO room VALUES ("MR",215,2);
INSERT INTO room VALUES ("MR",216,2);
INSERT INTO room VALUES ("MR",217,2);
INSERT INTO room VALUES ("MR",218,2);
INSERT INTO room VALUES ("MR",219,2);
INSERT INTO room VALUES ("MR",220,2);
INSERT INTO room VALUES ("MR",221,2);
INSERT INTO room VALUES ("MR",222,2);
INSERT INTO room VALUES ("MR",223,2);
INSERT INTO room VALUES ("MR",224,2);
INSERT INTO room VALUES ("MR",225,2);
INSERT INTO room VALUES ("MR",226,2);
INSERT INTO room VALUES ("MR",227,2);
INSERT INTO room VALUES ("MR",228,2);
INSERT INTO room VALUES ("MR",229,2);
INSERT INTO room VALUES ("MR",230,2);
INSERT INTO room VALUES ("MR",231,2);
INSERT INTO room VALUES ("MR",232,2);
INSERT INTO room VALUES ("MR",233,2);
INSERT INTO room VALUES ("MR",234,2);
INSERT INTO room VALUES ("MR",235,2);
INSERT INTO room VALUES ("MR",236,2);
INSERT INTO room VALUES ("MR",237,2);
INSERT INTO room VALUES ("MR",238,2);
INSERT INTO room VALUES ("MR",239,2);
INSERT INTO room VALUES ("MR",240,2);
INSERT INTO room VALUES ("MR",101,1);
INSERT INTO room VALUES ("MR",102,1);
INSERT INTO room VALUES ("MR",103,1);
INSERT INTO room VALUES ("MR",104,1);
INSERT INTO room VALUES ("MR",105,1);
INSERT INTO room VALUES ("MR",106,1);
INSERT INTO room VALUES ("MR",107,1);
INSERT INTO room VALUES ("MR",108,1);
INSERT INTO room VALUES ("MR",109,1);
INSERT INTO room VALUES ("MR",110,1);
INSERT INTO room VALUES ("MR",111,1);
INSERT INTO room VALUES ("MR",112,1);
INSERT INTO room VALUES ("MR",113,1);
INSERT INTO room VALUES ("MR",114,1);
INSERT INTO room VALUES ("MR",115,1);
INSERT INTO room VALUES ("MR",116,1);
INSERT INTO room VALUES ("MR",117,1);
INSERT INTO room VALUES ("MR",118,1);
INSERT INTO room VALUES ("MR",119,1);
INSERT INTO room VALUES ("MR",120,1);
INSERT INTO room VALUES ("MR",121,1);
INSERT INTO room VALUES ("MR",122,1);
INSERT INTO room VALUES ("MR",123,1);
INSERT INTO room VALUES ("MR",124,1);
INSERT INTO room VALUES ("MR",125,1);
INSERT INTO room VALUES ("MR",126,1);
INSERT INTO room VALUES ("MR",127,1);
INSERT INTO room VALUES ("MR",128,1);
INSERT INTO room VALUES ("MR",129,1);
INSERT INTO room VALUES ("MR",130,1);
INSERT INTO room VALUES ("MR",131,1);
INSERT INTO room VALUES ("MR",132,1);
INSERT INTO room VALUES ("MR",133,1);
INSERT INTO room VALUES ("MR",134,1);
INSERT INTO room VALUES ("MR",135,1);
INSERT INTO room VALUES ("MR",136,1);
INSERT INTO room VALUES ("MR",137,1);
INSERT INTO room VALUES ("MR",138,1);
INSERT INTO room VALUES ("MR",139,1);
INSERT INTO room VALUES ("MR",140,1);
INSERT INTO room VALUES ("MR",141,1);
INSERT INTO room VALUES ("MR",142,1);
INSERT INTO room VALUES ("MR",143,1);
INSERT INTO room VALUES ("MR",144,1);
INSERT INTO room VALUES ("MR",145,1);
INSERT INTO room VALUES ("MR",146,1);
INSERT INTO room VALUES ("MR",147,1);
INSERT INTO room VALUES ("MR",148,1);
INSERT INTO room VALUES ("MR",149,1);
INSERT INTO room VALUES ("MR",150,1);
INSERT INTO room VALUES ("MR",151,1);
INSERT INTO room VALUES ("MR",152,1);
INSERT INTO room VALUES ("MR",153,1);
INSERT INTO room VALUES ("MR",154,1);
INSERT INTO room VALUES ("MR",155,1);
INSERT INTO room VALUES ("MR",156,1);
INSERT INTO room VALUES ("MR",157,1);
INSERT INTO room VALUES ("MR",158,1);
INSERT INTO room VALUES ("MR",159,1);
INSERT INTO room VALUES ("MR",160,1);
INSERT INTO room VALUES ("MR",161,1);
INSERT INTO room VALUES ("MR",162,1);
INSERT INTO room VALUES ("MR",163,1);
INSERT INTO room VALUES ("MR",164,1);
INSERT INTO room VALUES ("MR",165,1);
INSERT INTO room VALUES ("MR",166,1);
INSERT INTO room VALUES ("MR",167,1);
INSERT INTO room VALUES ("MR",168,1);
INSERT INTO room VALUES ("MR",169,1);
INSERT INTO room VALUES ("MR",170,1);